Rk,Player,Date,Age,Team,Unnamed: 5,Opp,Result,"App,Dec",IP,H,R,ER,UER,HR,BB,IBB,SO,HBP,BK,WP,BF,BR,Pos
1,Andrew Abbott,2025-06-04,26-003,CIN,,MIL,"L, 1-9","GS-6, L",6.0,7,5,5,0,2,1,0,6,0,0,0,26,8,P
2,Mick Abel,2025-06-04,23-290,PHI,@,TOR,"L, 1-2",GS-6,5.1,3,1,1,0,0,0,0,2,0,0,1,19,3,P
3,Jason Adam,2025-06-04,33-304,SDP,@,SFG,"L, 5-6","7-7, BL",1.0,2,1,1,0,0,1,0,1,0,0,0,6,3,P
4,Sam Aldegheri,2025-06-04,23-258,LAA,@,BOS,"L, 9-11","6-8,BS",2.1,1,2,0,2,0,1,0,2,1,0,0,10,4,P
5,Shawn Armstrong,2025-06-04,34-266,TEX,@,TBR,"L, 4-5",8-GF(8),1.0,0,0,0,0,0,0,0,2,0,0,0,3,0,P
6,Braxton Ashcraft,2025-06-04,25-242,PIT,,HOU,"W, 3-0","7-8, H",2.0,1,0,0,0,0,0,0,3,0,0,0,7,1,P
7,Anthony Banda,2025-06-04,31-298,LAD,,NYM,"L, 1-6",6-6,1.0,0,0,0,0,0,0,0,0,0,0,0,3,0,P
8,Tanner Banks,2025-06-04,33-223,PHI,@,TOR,"L, 1-2",8-8,1.0,0,0,0,0,0,0,0,0,0,0,0,3,0,P
9,Félix Bautista,2025-06-04,29-349,BAL,@,SEA,"W, 3-2","9-GF, S",1.0,1,0,0,0,0,1,0,0,0,0,0,5,2,P
10,Shane Baz,2025-06-04,25-352,TBR,,TEX,"W, 5-4","GS-5, W",5.0,5,3,3,0,1,1,0,5,0,0,0,22,7,P
11,David Bednar,2025-06-04,30-237,PIT,,HOU,"W, 3-0","9-GF, S",1.0,1,0,0,0,0,0,0,2,0,0,0,4,1,P
12,Brennan Bernardino,2025-06-04,33-140,BOS,,LAA,"W, 11-9",5-5,1.0,2,1,1,0,0,0,0,0,0,0,0,5,2,P
13,José Berríos,2025-06-04,31-008,TOR,,PHI,"W, 2-1",GS-6,6.0,4,1,1,0,1,2,0,5,0,0,0,23,6,P
14,Jake Bird,2025-06-04,29-182,COL,@,MIA,"W, 3-2","7-7, H",0.2,1,0,0,0,0,0,0,0,0,0,0,2,1,P
15,Matthew Boyd,2025-06-04,34-122,CHC,@,WSN,"L, 0-2","GS-8, L",7.1,4,2,2,0,1,1,0,6,0,0,0,26,5,P
16,Matt Brash,2025-06-04,27-023,SEA,,BAL,"L, 2-3",8-8,1.0,0,0,0,0,0,0,0,0,0,0,0,3,0,P
17,John Brebbia,2025-06-04,35-005,DET,@,CHW,"W, 5-4",4-5,0.2,2,1,1,0,0,1,0,0,0,0,0,5,3,P
18,Aaron Bummer,2025-06-04,31-256,ATL,,ARI,"L, 1-2",8-8,0.1,0,0,0,0,0,0,0,0,0,0,0,1,0,P
19,Brock Burke,2025-06-04,28-304,LAA,@,BOS,"L, 9-11","8-GF, BL",1.0,3,2,2,0,1,1,0,1,0,0,0,7,4,P
20,Mike Burrows,2025-06-04,25-208,PIT,,HOU,"W, 3-0","GS-6, W",5.1,5,0,0,0,0,0,0,6,0,0,0,20,5,P
21,Génesis Cabrera,2025-06-04,28-237,CHC,@,WSN,"L, 0-2",8-GF(8),0.2,0,0,0,0,0,0,0,0,0,0,0,2,0,P
22,Griffin Canning,2025-06-04,29-024,NYM,@,LAD,"W, 6-1","GS-6, W",6.0,3,0,0,0,0,1,0,7,0,0,0,22,4,P
23,Yennier Cano,2025-06-04,31-087,BAL,@,SEA,"W, 3-2","6-6, W",0.2,0,0,0,0,0,0,0,1,0,0,0,2,0,P
24,José Castillo,2025-06-04,29-145,NYM,@,LAD,"W, 6-1","7-8, H",2.0,2,0,0,0,0,0,0,2,1,0,0,9,3,P
25,Emmanuel Clase,2025-06-04,27-078,CLE,@,NYY,"W, 4-0",9-GF,1.0,2,0,0,0,0,0,0,3,0,0,0,5,2,P
26,Cooper Criswell,2025-06-04,28-315,BOS,,LAA,"W, 11-9","8-GF, W",1.2,0,0,0,0,0,1,0,2,0,0,0,6,1,P
27,Fernando Cruz,2025-06-04,35-068,NYY,,CLE,"L, 0-4",8-8,1.0,2,1,1,0,1,0,0,3,0,0,0,5,2,P
28,Seranthony Domínguez,2025-06-04,30-191,BAL,@,SEA,"W, 3-2","7-7, H",1.0,0,0,0,0,0,0,0,2,0,0,0,3,0,P
29,Jhoan Durán,2025-06-04,27-147,MIN,@,ATH,"W, 6-1",9-GF,1.0,0,0,0,0,0,0,0,2,0,0,0,3,0,P
30,Brandon Eisert,2025-06-04,27-136,CHW,,DET,"L, 4-5","7-8, L",1.0,1,1,1,0,0,0,0,1,0,0,0,4,1,P
31,Pete Fairbanks,2025-06-04,31-170,TBR,,TEX,"W, 5-4","9-GF, S",1.0,1,1,0,1,0,0,0,0,0,0,0,5,2,P
32,Kyle Finnegan,2025-06-04,33-273,WSN,,CHC,"W, 2-0","9-GF, S",1.0,2,0,0,0,0,0,0,1,0,0,0,5,2,P
33,Kyle Freeland,2025-06-04,32-021,COL,@,MIA,"W, 3-2","GS-7, W",6.1,4,2,0,2,0,0,0,4,1,0,0,23,6,P
34,Caleb Freeman,2025-06-04,27-101,CHW,,DET,"L, 4-5",9-GF,1.0,1,0,0,0,0,0,0,1,0,0,0,4,1,P
35,Hunter Gaddis,2025-06-04,27-056,CLE,@,NYY,"W, 4-0",8-8,1.0,0,0,0,0,0,0,0,0,0,0,0,3,0,P
36,Lucas Giolito,2025-06-04,30-325,BOS,,LAA,"W, 11-9",GS-2,1.2,8,7,7,0,1,1,0,1,0,0,0,14,9,P
37,Sawyer Gipson-Long,2025-06-04,27-174,DET,@,CHW,"W, 5-4",GS-4,3.2,5,3,3,0,0,1,0,3,0,0,0,16,6,P
38,Tony Gonsolin,2025-06-04,31-021,LAD,,NYM,"L, 1-6","GS-5, L",5.0,3,3,2,1,1,3,0,6,1,0,0,22,7,P
39,MacKenzie Gore,2025-06-04,26-100,WSN,,CHC,"W, 2-0","GS-7, W",7.0,3,0,0,0,0,1,0,7,1,0,1,26,5,P
40,Chad Green,2025-06-04,34-011,TOR,,PHI,"W, 2-1",7-7,1.0,0,0,0,0,0,0,0,1,0,0,0,3,0,P
41,Luis Guerrero,2025-06-04,24-303,BOS,,LAA,"W, 11-9",2-4,2.1,0,0,0,0,0,2,0,1,0,0,0,8,2,P
42,Ryan Gusto,2025-06-04,26-085,HOU,@,PIT,"L, 0-3","GS-5, L",4.1,8,3,3,0,0,2,0,3,1,0,0,23,11,P
43,DL Hall,2025-06-04,26-258,MIL,@,CIN,"W, 9-1",GS-3,3.0,1,0,0,0,0,2,0,3,0,0,0,12,3,P
44,Emerson Hancock,2025-06-04,26-004,SEA,,BAL,"L, 2-3",GS-6,5.2,2,1,1,0,1,2,0,6,0,0,1,20,4,P
45,Hogan Harris,2025-06-04,28-160,ATH,,MIN,"L, 1-6",8-GF,1.1,2,1,1,0,0,2,0,1,0,0,0,8,4,P
46,Kyle Harrison,2025-06-04,23-296,SFG,,SDP,"W, 6-5",GS-5,4.1,9,5,5,0,0,1,0,3,0,0,0,23,11,P
47,Brent Headrick,2025-06-04,27-169,NYY,,CLE,"L, 0-4",6-7,1.1,1,0,0,0,0,0,0,0,0,0,0,4,1,P
48,Daysbel Hernández,2025-06-04,28-262,ATL,,ARI,"L, 1-2",8-8,0.1,0,0,0,0,0,2,0,1,0,0,0,3,2,P
49,Tim Herrin,2025-06-04,28-239,CLE,@,NYY,"W, 4-0","6-7, H",1.1,0,0,0,0,0,0,0,0,0,0,0,4,1,P
50,Tim Hill,2025-06-04,35-114,NYY,,CLE,"L, 0-4",9-GF,1.0,2,0,0,0,0,0,0,1,0,0,0,5,2,P
51,Sean Hjelle,2025-06-04,28-028,SFG,,SDP,"W, 6-5","5-7, W",2.2,0,0,0,0,0,1,0,1,0,0,0,9,1,P
52,Jeff Hoffman,2025-06-04,32-147,TOR,,PHI,"W, 2-1","9-GF, W",0.1,1,0,0,0,0,0,0,0,0,0,0,2,1,P
53,Tyler Holton,2025-06-04,28-356,DET,@,CHW,"W, 5-4","5-6,BS",1.2,0,0,0,0,0,0,0,1,0,0,0,5,0,P
54,Raisel Iglesias,2025-06-04,35-151,ATL,,ARI,"L, 1-2",9-GF,1.0,2,1,1,0,0,1,0,1,0,0,0,6,3,P
55,Griffin Jax,2025-06-04,30-194,MIN,@,ATH,"W, 6-1","7-7, H",1.0,0,0,0,0,0,0,0,3,0,0,0,3,0,P
56,Janson Junk,2025-06-04,29-140,MIA,,COL,"L, 2-3",6-GF,4.0,1,1,1,0,0,0,0,6,0,0,0,13,1,P
57,Tommy Kahnle,2025-06-04,35-301,DET,@,CHW,"W, 5-4","9-GF, S",1.0,0,0,0,0,0,0,0,0,0,0,0,3,0,P
58,Merrill Kelly,2025-06-04,36-233,ARI,@,ATL,"W, 2-1","GS-7, W",7.0,1,0,0,0,0,1,0,8,0,0,0,23,2,P
59,Orion Kerkering,2025-06-04,24-061,PHI,@,TOR,"L, 1-2",6-6,0.2,0,0,0,0,0,0,0,1,0,0,0,2,0,P
60,Bryan King,2025-06-04,28-211,HOU,@,PIT,"L, 0-3",7-7,1.0,0,0,0,0,0,0,0,2,0,0,0,3,0,P
61,Tyler Kinley,2025-06-04,34-124,COL,@,MIA,"W, 3-2","9-GF, S",1.0,0,0,0,0,0,0,0,1,0,0,0,3,0,P
62,Jordan Leasure,2025-06-04,26-293,CHW,,DET,"L, 4-5",8-8,1.0,1,0,0,0,0,1,0,0,0,0,0,5,2,P
63,Dylan Lee,2025-06-04,30-307,ATL,,ARI,"L, 1-2",7-8,1.1,0,0,0,0,0,0,0,0,0,0,0,4,0,P
64,Casey Legumina,2025-06-04,27-350,SEA,,BAL,"L, 2-3",9-GF,1.0,1,0,0,0,0,1,0,0,0,0,0,4,2,P
65,Brendon Little,2025-06-04,28-297,TOR,,PHI,"W, 2-1",8-9,1.2,0,0,0,0,0,0,0,2,0,0,0,5,0,P
66,Brad Lord,2025-06-04,25-110,WSN,,CHC,"W, 2-0","8-8, H",1.0,0,0,0,0,0,1,0,0,0,0,0,4,1,P
67,Ryan Loutos,2025-06-04,26-126,LAD,,NYM,"L, 1-6",8-GF,2.0,1,3,3,0,1,1,0,1,1,0,0,9,3,P
68,Justin Martínez,2025-06-04,23-309,ARI,@,ATL,"W, 2-1","8-GF, S",1.2,0,1,1,0,0,4,1,4,1,0,1,10,5,P
69,Zebby Matthews,2025-06-04,25-013,MIN,@,ATH,"W, 6-1","GS-5, W",5.0,4,1,1,0,0,3,0,4,0,0,0,21,7,P
70,Nick Mears,2025-06-04,28-240,MIL,@,CIN,"W, 9-1",9-GF,1.0,1,0,0,0,0,0,0,0,0,0,0,4,1,P
71,Wade Miley,2025-06-04,38-203,CIN,,MIL,"L, 1-9",8-GF,2.0,6,4,4,0,1,0,0,0,0,0,0,13,6,P
72,Hoby Milner,2025-06-04,34-142,TEX,@,TBR,"L, 4-5",5-6,1.1,1,0,0,0,0,0,0,2,0,0,0,4,1,P
73,Mason Montgomery,2025-06-04,24-352,TBR,,TEX,"W, 5-4","7-7, H",1.0,1,0,0,0,0,0,0,3,0,0,0,4,1,P
74,Steven Okert,2025-06-04,33-330,HOU,@,PIT,"L, 0-3",5-6,1.2,0,0,0,0,0,0,0,1,0,0,0,4,0,P
75,Luis Ortiz,2025-06-04,26-128,CLE,@,NYY,"W, 4-0","GS-6, W",5.2,3,0,0,0,0,3,0,7,0,0,0,21,6,P
76,Wandy Peralta,2025-06-04,33-312,SDP,@,SFG,"L, 5-6",8-GF(8),1.0,0,0,0,0,0,0,0,0,0,0,0,3,0,P
77,Nick Pivetta,2025-06-04,32-110,SDP,@,SFG,"L, 5-6",GS-7,6.0,6,5,5,0,1,1,0,5,0,0,0,25,7,P
78,Cade Povich,2025-06-04,25-053,BAL,@,SEA,"W, 3-2",GS-6,5.1,4,2,2,0,0,1,0,5,1,0,0,20,6,P
79,Quinn Priester,2025-06-04,24-261,MIL,@,CIN,"W, 9-1","4-8, W",5.0,2,1,1,0,0,3,0,4,0,0,1,19,5,P
80,Cal Quantrill,2025-06-04,30-114,MIA,,COL,"L, 2-3","GS-5, L",5.0,5,2,2,0,0,1,0,2,0,0,1,20,6,P
81,Lyon Richardson,2025-06-04,25-137,CIN,,MIL,"L, 1-9",7-7,1.0,0,0,0,0,0,1,0,1,0,0,0,4,1,P
82,Kumar Rocker,2025-06-04,25-194,TEX,@,TBR,"L, 4-5","GS-4, L",3.1,6,5,5,0,1,2,0,5,1,0,1,19,9,P
83,Randy Rodríguez,2025-06-04,25-272,SFG,,SDP,"W, 6-5","9-GF, S",0.2,0,0,0,0,0,0,0,1,0,0,0,2,0,P
84,Manuel Rodríguez,2025-06-04,28-302,TBR,,TEX,"W, 5-4","6-6, H",1.0,1,0,0,0,0,0,0,1,0,0,0,4,1,P
85,Tyler Rogers,2025-06-04,34-169,SFG,,SDP,"W, 6-5","8-8, H",1.0,1,0,0,0,0,0,0,1,0,0,0,4,1,P
86,Jordan Romano,2025-06-04,32-044,PHI,@,TOR,"L, 1-2","9-GF, L",0.2,2,1,1,0,0,0,0,1,0,0,0,4,2,P
87,Chris Sale,2025-06-04,36-066,ATL,,ARI,"L, 1-2","GS-6, L",6.0,3,1,1,0,0,4,0,10,1,0,0,25,8,P
88,Clarke Schmidt,2025-06-04,29-104,NYY,,CLE,"L, 0-4","GS-6, L",5.2,7,3,3,0,1,1,0,8,0,0,0,25,8,P
89,Chase Shugart,2025-06-04,28-223,PIT,,HOU,"W, 3-0","6-6, H",0.2,0,0,0,0,0,1,0,1,0,0,0,3,1,P
90,Jared Shuster,2025-06-04,26-305,CHW,,DET,"L, 4-5",GS-1,1.0,5,4,4,0,0,1,0,1,0,0,0,9,6,P
91,José Soriano,2025-06-04,26-227,LAA,@,BOS,"L, 9-11",GS-4,3.2,8,7,7,0,0,3,0,3,1,0,0,22,12,P
92,Gregory Soto,2025-06-04,30-113,BAL,@,SEA,"W, 3-2","8-8, H",1.0,0,0,0,0,0,1,0,3,0,0,0,4,1,P
93,Bennett Sousa,2025-06-04,30-059,HOU,@,PIT,"L, 0-3",8-GF(8),1.0,0,0,0,0,0,0,0,1,0,0,0,3,0,P
94,Gabe Speier,2025-06-04,30-053,SEA,,BAL,"L, 2-3",6-7,1.0,0,1,1,0,0,1,0,3,0,0,0,4,1,P
95,Jeffrey Springs,2025-06-04,32-257,ATH,,MIN,"L, 1-6",2-8,6.2,5,4,3,1,1,2,0,7,0,0,0,27,7,P
96,Ryne Stanek,2025-06-04,33-313,NYM,@,LAD,"W, 6-1",9-GF,1.0,1,1,1,0,1,0,0,1,0,0,0,4,1,P
97,Justin Sterner,2025-06-04,28-279,ATH,,MIN,"L, 1-6","GS-1, L",1.0,1,1,1,0,1,0,0,1,0,0,0,4,1,P
98,Brock Stewart,2025-06-04,33-244,MIN,@,ATH,"W, 6-1",8-8,1.0,0,0,0,0,0,0,0,2,0,0,0,3,0,P
99,Matt Strahm,2025-06-04,33-204,PHI,@,TOR,"L, 1-2",7-7,1.0,0,0,0,0,0,0,0,0,0,0,0,3,0,P
100,Hunter Strickland,2025-06-04,36-253,LAA,@,BOS,"L, 9-11",4-5,1.1,0,0,0,0,0,0,0,0,0,0,0,4,0,P
101,Ryan Thompson,2025-06-04,32-343,ARI,@,ATL,"W, 2-1","8-8, H",0.1,2,0,0,0,0,0,0,1,0,0,0,3,2,P
102,Lou Trivino,2025-06-04,33-246,LAD,,NYM,"L, 1-6",7-7,1.0,0,0,0,0,0,0,0,0,0,0,0,3,0,P
103,Edwin Uceta,2025-06-04,27-146,TBR,,TEX,"W, 5-4","8-8, H",1.0,0,0,0,0,0,1,0,2,0,0,0,4,1,P
104,Carlos Vargas,2025-06-04,25-234,SEA,,BAL,"L, 2-3","7-7, BL",0.1,1,1,1,0,0,1,0,0,0,0,0,3,2,P
105,Louis Varland,2025-06-04,27-177,MIN,@,ATH,"W, 6-1","6-6, H",1.0,1,0,0,0,0,1,0,3,0,0,0,5,2,P
106,Mike Vasil,2025-06-04,25-077,CHW,,DET,"L, 4-5",2-5,3.2,2,0,0,0,0,0,0,3,1,0,0,14,3,P
107,Will Vest,2025-06-04,29-363,DET,@,CHW,"W, 5-4","7-8, W",2.0,0,0,0,0,0,0,0,3,0,0,0,6,1,P
108,Victor Vodnik,2025-06-04,25-238,COL,@,MIA,"W, 3-2","8-8, H",1.0,0,0,0,0,0,0,0,1,0,0,0,3,0,P
109,Ryan Walker,2025-06-04,29-190,SFG,,SDP,"W, 6-5","9-9, H",0.1,2,0,0,0,0,0,0,0,0,0,0,3,2,P
110,Jacob Webb,2025-06-04,31-293,TEX,@,TBR,"L, 4-5",4-5,1.1,1,0,0,0,0,0,0,2,0,0,0,5,1,P
111,Greg Weissert,2025-06-04,30-120,BOS,,LAA,"W, 11-9",8-8,0.1,2,1,1,0,0,0,0,0,0,0,0,3,2,P
112,Garrett Whitlock,2025-06-04,28-358,BOS,,LAA,"W, 11-9",7-7,1.0,0,0,0,0,0,0,0,2,0,0,0,3,0,P
113,Justin Wilson,2025-06-04,37-290,BOS,,LAA,"W, 11-9",6-6,1.0,0,0,0,0,0,0,0,2,0,0,0,3,0,P
114,Steven Wilson,2025-06-04,30-284,CHW,,DET,"L, 4-5",5-6,1.1,0,0,0,0,0,1,0,1,0,0,0,5,1,P
115,Cole Winn,2025-06-04,25-191,TEX,@,TBR,"L, 4-5",7-7,1.0,0,0,0,0,0,1,0,1,0,0,0,4,1,P
116,Bryan Abreu,2025-06-03,28-042,HOU,@,PIT,"W, 3-0","8-8, H",1.0,1,0,0,0,0,0,0,0,0,0,0,3,1,P
117,Jorge Alcalá,2025-06-03,29-310,MIN,@,ATH,"W, 10-3",8-GF,2.0,0,0,0,0,0,0,0,4,0,0,0,6,0,P
118,Sandy Alcantara,2025-06-03,29-269,MIA,,COL,"L, 2-3",GS-6,6.0,4,2,2,0,0,1,0,4,0,0,0,24,6,P
119,Kolby Allard,2025-06-03,27-294,CLE,@,NYY,"L, 2-3",7-GF(8),1.2,1,0,0,0,0,1,0,0,0,0,0,6,2,P
120,Dan Altavilla,2025-06-03,32-268,CHW,,DET,"W, 8-1",9-GF,1.0,0,0,0,0,0,0,0,1,0,0,0,3,0,P
121,Elvis Alvarado,2025-06-03,26-100,ATH,,MIN,"L, 3-10",8-GF,2.0,2,1,1,0,0,1,0,3,0,0,0,9,3,P
122,Grant Anderson,2025-06-03,27-347,MIL,@,CIN,"L, 2-4",7-GF(8),1.1,1,1,1,0,1,1,0,1,0,0,0,6,2,P
123,Graham Ashcraft,2025-06-03,27-112,CIN,,MIL,"W, 4-2","7-8, W",1.1,0,0,0,0,0,0,0,1,0,0,0,4,0,P
124,Bryan Baker,2025-06-03,30-183,BAL,@,SEA,"W, 5-1","8-8, H",1.0,2,0,0,0,0,0,0,2,0,0,0,5,2,P
125,Anthony Banda,2025-06-03,31-297,LAD,,NYM,"W, 6-5 (10)",9-9,0.1,0,0,0,0,0,0,0,0,0,0,0,1,0,P
126,Scott Barlow,2025-06-03,32-167,CIN,,MIL,"W, 4-2",6-6,1.0,0,0,0,0,0,0,0,0,0,0,0,3,0,P
127,Félix Bautista,2025-06-03,29-348,BAL,@,SEA,"W, 5-1",9-GF,1.0,0,0,0,0,0,0,0,1,0,0,0,3,0,P
128,Eduard Bazardo,2025-06-03,29-275,SEA,,BAL,"L, 1-5",6-6,1.0,1,1,1,0,1,1,0,0,0,0,0,4,2,P
129,Brayan Bello,2025-06-03,26-017,BOS,,LAA,"L, 3-4 (10)",GS-6,6.0,6,3,3,0,0,2,0,4,1,0,0,27,10,P
130,Anthony Bender,2025-06-03,30-120,MIA,,COL,"L, 2-3","8-8, L",1.0,1,1,1,0,1,0,0,1,0,0,0,4,1,P
131,Ryan Bergert,2025-06-03,25-087,SDP,@,SFG,"W, 3-2 (10)",GS-5,5.0,6,2,2,0,1,2,0,2,0,0,0,21,8,P
132,Tanner Bibee,2025-06-03,26-090,CLE,@,NYY,"L, 2-3","GS-7, L",6.1,4,3,3,0,2,2,0,6,0,0,0,26,7,P
133,Osvaldo Bido,2025-06-03,29-228,ATH,,MIN,"L, 3-10",6-7,0.2,2,2,2,0,0,2,0,1,0,0,0,6,4,P
134,Spencer Bivens,2025-06-03,30-340,SFG,,SDP,"L, 2-3 (10)","10-GF(10), L",1.0,2,1,0,1,0,0,0,0,0,0,0,5,2,P
135,Scott Blewett,2025-06-03,29-054,ATL,,ARI,"L, 3-8",9-GF,0.1,0,0,0,0,0,0,0,0,0,0,0,1,0,P
136,Cam Booser,2025-06-03,33-030,CHW,,DET,"W, 8-1","6-6, H",0.2,0,0,0,0,0,1,0,2,0,0,0,3,1,P
137,Huascar Brazobán,2025-06-03,35-231,NYM,@,LAD,"L, 5-6 (10)","9-9,BS",1.0,1,1,1,0,1,0,0,3,0,0,0,4,1,P
138,Beau Brieske,2025-06-03,27-060,DET,@,CHW,"L, 1-8",GS-2,1.1,0,0,0,0,0,1,0,2,0,0,0,5,1,P
139,Connor Brogdon,2025-06-03,30-125,LAA,@,BOS,"W, 4-3 (10)",7-7,1.0,0,0,0,0,0,0,0,2,0,0,0,3,0,P
140,Zach Brzykcy,2025-06-03,25-326,WSN,,CHC,"L, 3-8",7-8,2.0,2,1,1,0,1,0,0,2,0,0,0,8,2,P
141,Brock Burke,2025-06-03,28-303,LAA,@,BOS,"W, 4-3 (10)",6-6,1.0,1,0,0,0,0,0,0,0,0,0,0,3,1,P
142,José Buttó,2025-06-03,27-076,NYM,@,LAD,"L, 5-6 (10)","10-GF(10), L",0.1,1,1,0,1,0,1,1,0,0,0,0,3,2,P
143,Génesis Cabrera,2025-06-03,28-236,CHC,@,WSN,"W, 8-3",8-8,1.0,0,0,0,0,0,0,0,0,0,0,0,3,0,P
144,Ben Casparius,2025-06-03,26-112,LAD,,NYM,"W, 6-5 (10)",5-8,2.2,0,0,0,0,0,0,0,2,0,0,0,8,0,P
145,Andrew Chafin,2025-06-03,34-351,WSN,,CHC,"L, 3-8",5-5,0.0,1,2,2,0,0,2,0,0,0,0,0,3,3,P
146,Aroldis Chapman,2025-06-03,37-095,BOS,,LAA,"L, 3-4 (10)",9-9,1.0,0,0,0,0,0,0,0,1,0,0,0,3,0,P
147,Taylor Clarke,2025-06-03,32-021,KCR,@,STL,"W, 10-7","8-8, H",1.0,0,0,0,0,0,0,0,0,0,0,0,3,0,P
148,Garrett Cleavinger,2025-06-03,31-041,TBR,,TEX,"W, 5-1",7-7,1.0,2,1,1,0,0,1,0,2,0,0,0,6,3,P
149,Steven Cruz,2025-06-03,25-353,KCR,@,STL,"W, 10-7","4-5, W",1.2,0,0,0,0,0,0,0,2,0,0,0,5,0,P
150,Enyel De Los Santos,2025-06-03,29-160,ATL,,ARI,"L, 3-8",6-6,1.0,1,0,0,0,0,0,0,1,0,1,0,4,1,P
151,Reid Detmers,2025-06-03,25-330,LAA,@,BOS,"W, 4-3 (10)","10-GF(10), S",1.0,0,0,0,0,0,0,0,2,0,0,0,3,0,P
152,Chase Dollander,2025-06-03,23-220,COL,@,MIA,"W, 3-2",GS-3,3.0,2,2,2,0,0,3,0,1,0,0,0,14,5,P
153,Camilo Doval,2025-06-03,27-334,SFG,,SDP,"L, 2-3 (10)","9-9,BS",1.0,2,2,2,0,0,2,0,2,0,0,1,7,4,P
154,Shawn Dubin,2025-06-03,29-270,HOU,@,PIT,"W, 3-0","7-7, H",1.0,1,0,0,0,0,0,0,0,0,0,0,3,1,P
155,Brandon Eisert,2025-06-03,27-135,CHW,,DET,"W, 8-1",8-8,1.0,2,0,0,0,0,0,0,1,0,0,0,5,2,P
156,Carlos Estévez,2025-06-03,32-157,KCR,@,STL,"W, 10-7","9-GF, S",1.0,1,0,0,0,0,1,0,2,0,0,0,5,2,P
157,Jeremiah Estrada,2025-06-03,26-214,SDP,@,SFG,"W, 3-2 (10)","10-GF(10), S",1.0,0,0,0,0,0,0,0,0,0,0,0,3,0,P
158,Pete Fairbanks,2025-06-03,31-169,TBR,,TEX,"W, 5-1",9-GF,1.0,0,0,0,0,0,0,0,0,0,0,0,3,0,P
159,Calvin Faucher,2025-06-03,29-254,MIA,,COL,"L, 2-3",7-7,1.0,1,0,0,0,0,0,0,0,0,0,0,4,1,P
160,Tyler Ferguson,2025-06-03,31-241,ATH,,MIN,"L, 3-10",7-7,0.2,2,2,2,0,0,0,0,1,1,0,1,5,3,P
161,Braydon Fisher,2025-06-03,24-312,TOR,,PHI,"L, 3-8",9-GF,1.0,1,0,0,0,0,0,0,3,0,0,0,4,1,P
162,Bowden Francis,2025-06-03,29-042,TOR,,PHI,"L, 3-8","GS-2, L",1.2,7,7,6,1,2,2,0,2,1,0,0,15,10,P
163,Zac Gallen,2025-06-03,29-304,ARI,@,ATL,"W, 8-3","GS-7, W",7.0,4,3,1,2,1,1,0,4,0,0,0,27,6,P
164,Reed Garrett,2025-06-03,32-152,NYM,@,LAD,"L, 5-6 (10)","8-8, H",1.0,1,0,0,0,0,1,0,2,0,0,0,5,2,P
165,Hunter Greene,2025-06-03,25-301,CIN,,MIL,"W, 4-2",GS-5,5.0,5,2,2,0,1,3,0,7,0,0,0,23,8,P
166,Josh Hader,2025-06-03,31-057,HOU,@,PIT,"W, 3-0","9-GF, S",1.0,0,0,0,0,0,0,0,2,0,0,0,3,0,P
167,Seth Halvorsen,2025-06-03,25-105,COL,@,MIA,"W, 3-2","9-GF, S",1.0,0,0,0,0,0,0,0,0,0,0,0,3,0,P
168,Brenan Hanifee,2025-06-03,27-005,DET,@,CHW,"L, 1-8",4-5,1.2,0,0,0,0,0,2,0,3,0,0,0,8,2,P
169,Cole Henry,2025-06-03,25-323,WSN,,CHC,"L, 3-8",5-5,0.2,1,0,0,0,0,1,0,1,0,0,0,4,2,P
170,Jimmy Herget,2025-06-03,31-267,COL,@,MIA,"W, 3-2",6-7,1.2,4,0,0,0,0,0,0,2,0,0,0,8,4,P
171,Carlos Hernández,2025-06-03,28-084,PHI,@,TOR,"W, 8-3",9-GF,1.0,0,0,0,0,0,0,0,1,0,0,0,3,0,P
172,Codi Heuer,2025-06-03,28-335,TEX,@,TBR,"L, 1-5",7-GF(8),1.1,1,1,1,0,1,0,0,1,0,0,0,5,1,P
173,Grant Holman,2025-06-03,25-003,ATH,,MIN,"L, 3-10",GS-2,1.1,1,0,0,0,0,1,0,0,0,0,0,6,2,P
174,Tyler Holton,2025-06-03,28-355,DET,@,CHW,"L, 1-8",6-6,1.0,3,3,3,0,1,0,0,0,0,0,0,6,3,P
175,Cade Horton,2025-06-03,23-287,CHC,@,WSN,"W, 8-3","GS-6, W",5.1,6,3,3,0,0,1,0,3,0,0,0,22,7,P
176,Brant Hurter,2025-06-03,26-270,DET,@,CHW,"L, 1-8","2-4, L",2.0,1,1,0,1,0,1,0,4,0,0,0,8,2,P
177,Kenley Jansen,2025-06-03,37-246,LAA,@,BOS,"W, 4-3 (10)","9-9, W",1.0,0,0,0,0,0,2,1,1,0,0,0,5,2,P
178,Pierce Johnson,2025-06-03,34-024,ATL,,ARI,"L, 3-8",7-7,1.0,0,0,0,0,0,2,0,1,0,0,0,3,2,P
179,Zack Kelly,2025-06-03,30-092,BOS,,LAA,"L, 3-4 (10)","10-GF(10), L",1.0,0,1,0,1,0,1,0,0,0,0,0,4,1,P
180,Kevin Kelly,2025-06-03,27-187,TBR,,TEX,"W, 5-1","8-8, H",1.0,0,0,0,0,0,0,0,0,0,0,0,3,0,P
181,Clayton Kershaw,2025-06-03,37-076,LAD,,NYM,"W, 6-5 (10)",GS-5,4.2,6,5,3,2,1,3,0,2,0,0,1,23,9,P
182,Yusei Kikuchi,2025-06-03,33-351,LAA,@,BOS,"W, 4-3 (10)",GS-6,5.0,8,3,3,0,1,5,0,5,0,0,0,26,13,P
183,John King,2025-06-03,30-262,STL,,KCR,"L, 7-10",7-8,1.0,0,0,0,0,0,1,0,0,0,0,0,4,1,P
184,George Kirby,2025-06-03,27-119,SEA,,BAL,"L, 1-5","GS-5, L",5.0,8,2,2,0,0,1,0,3,0,0,0,23,9,P
185,Jackson Kowar,2025-06-03,28-242,SEA,,BAL,"L, 1-5",7-8,2.0,0,0,0,0,0,0,0,1,0,0,0,6,0,P
186,Jacob Latz,2025-06-03,29-056,TEX,@,TBR,"L, 1-5",6-7,1.1,2,0,0,0,0,0,0,3,0,0,1,6,2,P
187,Eric Lauer,2025-06-03,30-000,TOR,,PHI,"L, 3-8",2-6,4.0,0,0,0,0,0,1,0,2,0,0,0,13,1,P
188,Max Lazar,2025-06-03,26-000,PHI,@,TOR,"W, 8-3",8-8,1.0,1,2,2,0,1,2,0,1,0,0,0,5,3,P
189,Kyle Leahy,2025-06-03,27-364,STL,,KCR,"L, 7-10",6-7,0.2,2,1,1,0,0,1,0,1,0,0,0,5,3,P
190,Jordan Leasure,2025-06-03,26-292,CHW,,DET,"W, 8-1",7-8,1.0,2,1,1,0,0,1,0,0,0,0,0,6,3,P
191,Chase Lee,2025-06-03,26-294,DET,@,CHW,"L, 1-8",8-GF(8),1.0,3,2,2,0,0,1,0,0,0,0,0,6,4,P
192,Mark Leiter Jr.,2025-06-03,34-082,NYY,,CLE,"W, 3-2","8-8, H",1.0,0,0,0,0,0,1,0,0,0,0,0,4,1,P
193,Jacob Lopez,2025-06-03,27-084,ATH,,MIN,"L, 3-10","2-6, L",4.1,5,5,5,0,3,1,0,9,1,0,0,20,7,P
194,Pablo López,2025-06-03,29-088,MIN,@,ATH,"W, 10-3","GS-5, W",5.0,4,2,2,0,0,3,0,4,0,0,0,21,7,P
195,Michael Lorenzen,2025-06-03,33-150,KCR,@,STL,"W, 10-7",GS-3,2.2,7,7,7,0,2,1,0,2,0,0,1,16,8,P
196,Daniel Lynch IV,2025-06-03,28-198,KCR,@,STL,"W, 10-7",3-4,0.2,1,0,0,0,0,2,0,1,0,0,0,5,3,P
197,Tyler Mahle,2025-06-03,30-247,TEX,@,TBR,"L, 1-5","GS-6, L",5.1,5,4,4,0,1,2,0,5,0,0,0,23,7,P
198,Yuki Matsui,2025-06-03,29-216,SDP,@,SFG,"W, 3-2 (10)","9-9, W",1.0,0,0,0,0,0,0,0,0,0,0,0,3,0,P
199,Steven Matz,2025-06-03,34-005,STL,,KCR,"L, 7-10","5-6, L",1.1,3,2,2,0,0,0,0,2,0,0,0,7,3,P
200,Lance McCullers Jr.,2025-06-03,31-244,HOU,@,PIT,"W, 3-0","GS-6, W",6.0,2,0,0,0,0,1,0,7,1,0,0,23,4,P
201,Tylor Megill,2025-06-03,29-310,NYM,@,LAD,"L, 5-6 (10)",GS-6,6.0,4,4,4,0,1,1,0,7,0,0,0,23,5,P
202,Juan Mejia,2025-06-03,24-334,COL,@,MIA,"W, 3-2",4-5,2.0,0,0,0,0,0,1,0,0,0,0,0,7,1,P
203,Shelby Miller,2025-06-03,34-236,ARI,@,ATL,"W, 8-3","8-8, H",1.0,2,0,0,0,0,0,0,1,0,0,0,5,2,P
204,Erik Miller,2025-06-03,27-110,SFG,,SDP,"L, 2-3 (10)","7-7, H",0.2,0,0,0,0,0,2,0,1,1,0,0,5,3,P
205,Rafael Montero,2025-06-03,34-229,ATL,,ARI,"L, 3-8",8-9,1.2,4,3,3,0,1,0,0,1,0,0,0,9,4,P
206,Mason Montgomery,2025-06-03,24-351,TBR,,TEX,"W, 5-1","6-6, H",0.2,1,0,0,0,0,0,0,1,0,0,0,3,1,P
207,Héctor Neris,2025-06-03,35-354,LAA,@,BOS,"W, 4-3 (10)",8-8,1.0,1,0,0,0,0,0,0,0,0,0,0,3,1,P
208,Kyle Nicolas,2025-06-03,26-101,PIT,,HOU,"L, 0-3",9-GF,0.2,0,0,0,0,0,0,0,0,0,0,0,2,0,P
209,Emilio Pagán,2025-06-03,34-027,CIN,,MIL,"W, 4-2","9-GF, S",1.0,0,0,0,0,0,0,0,1,0,0,0,4,1,P
210,Andre Pallante,2025-06-03,26-258,STL,,KCR,"L, 7-10",GS-5,4.1,7,7,7,0,2,0,0,2,0,0,0,20,7,P
211,Freddy Peralta,2025-06-03,28-364,MIL,@,CIN,"L, 2-4","GS-7, L",6.0,7,3,3,0,1,3,0,9,0,0,0,27,10,P
212,Tyler Phillips,2025-06-03,27-219,MIA,,COL,"L, 2-3",9-GF,1.0,1,0,0,0,0,0,0,0,1,0,0,5,2,P
213,Ryan Pressly,2025-06-03,36-170,CHC,@,WSN,"W, 8-3",9-GF,1.0,1,0,0,0,0,0,0,0,0,0,0,4,1,P
214,Drew Rasmussen,2025-06-03,29-311,TBR,,TEX,"W, 5-1","GS-5, W",5.0,1,0,0,0,0,0,0,8,0,0,0,16,1,P
215,Sean Reynolds,2025-06-03,27-045,SDP,@,SFG,"W, 3-2 (10)",6-8,3.0,0,0,0,0,0,1,0,2,0,0,0,11,2,P
216,Carlos Rodón,2025-06-03,32-175,NYY,,CLE,"W, 3-2","GS-7, W",7.0,5,1,1,0,0,1,0,8,0,0,0,26,6,P
217,Tyler Rogers,2025-06-03,34-168,SFG,,SDP,"L, 2-3 (10)","8-8, H",1.0,2,0,0,0,0,0,0,0,0,0,0,4,2,P
218,Joe Ross,2025-06-03,32-013,PHI,@,TOR,"W, 8-3",7-7,1.0,0,0,0,0,0,0,0,1,0,0,0,3,0,P
219,Landen Roupp,2025-06-03,26-266,SFG,,SDP,"L, 2-3 (10)",GS-7,6.1,4,0,0,0,0,2,0,5,0,0,0,24,6,P
220,Jackson Rutledge,2025-06-03,26-063,WSN,,CHC,"L, 3-8",9-GF,1.0,0,0,0,0,0,0,0,0,0,0,0,3,0,P
221,Eduardo Salazar,2025-06-03,27-029,WSN,,CHC,"L, 3-8",6-6,1.0,0,0,0,0,0,1,0,2,0,0,0,4,1,P
222,Cristopher Sánchez,2025-06-03,28-173,PHI,@,TOR,"W, 8-3","GS-6, W",6.0,4,1,1,0,1,4,0,4,0,0,0,26,8,P
223,Cole Sands,2025-06-03,27-321,MIN,@,ATH,"W, 10-3","6-6, H",1.0,2,1,1,0,0,1,0,1,0,0,0,6,3,P
224,Dennis Santana,2025-06-03,29-052,PIT,,HOU,"L, 0-3",9-9,0.1,2,2,2,0,1,0,0,0,0,0,0,4,3,P
225,Tony Santillan,2025-06-03,28-049,CIN,,MIL,"W, 4-2","8-8, H",0.2,0,0,0,0,0,0,0,0,0,0,0,2,0,P
226,John Schreiber,2025-06-03,31-090,KCR,@,STL,"W, 10-7","6-7, H",1.1,2,0,0,0,0,0,0,1,0,0,0,6,2,P
227,Paxton Schultz,2025-06-03,27-149,TOR,,PHI,"L, 3-8",6-7,1.1,2,0,0,0,0,1,0,3,0,0,0,7,3,P
228,Tanner Scott,2025-06-03,30-316,LAD,,NYM,"W, 6-5 (10)","10-GF(10), W",1.0,0,0,0,0,0,0,0,2,0,0,0,3,0,P
229,Paul Skenes,2025-06-03,23-005,PIT,,HOU,"L, 0-3","GS-8, L",8.0,3,1,1,0,1,1,0,8,0,0,0,27,4,P
230,Dylan Smith,2025-06-03,25-006,DET,@,CHW,"L, 1-8",7-7,1.0,3,2,2,0,0,1,0,0,0,0,0,6,4,P
231,Shane Smith,2025-06-03,25-060,CHW,,DET,"W, 8-1","GS-6, W",5.1,3,0,0,0,0,2,0,6,0,0,0,20,5,P
232,Collin Snider,2025-06-03,29-236,SEA,,BAL,"L, 1-5",9-GF,1.0,4,2,2,0,0,0,0,0,0,0,0,6,4,P
233,Spencer Strider,2025-06-03,26-218,ATL,,ARI,"L, 3-8","GS-5, L",5.0,6,5,5,0,3,2,0,4,0,0,0,22,8,P
234,Tomoyuki Sugano,2025-06-03,35-235,BAL,@,SEA,"W, 5-1","GS-7, W",7.0,5,1,1,0,1,1,0,5,0,0,0,25,6,P
235,Matt Svanson,2025-06-03,26-123,STL,,KCR,"L, 7-10",8-GF,1.2,1,0,0,0,0,0,0,0,0,0,0,6,1,P
236,Erik Swanson,2025-06-03,31-272,TOR,,PHI,"L, 3-8",8-8,1.0,1,1,1,0,1,0,0,0,0,0,0,4,1,P
237,Caleb Thielbar,2025-06-03,38-123,CHC,@,WSN,"W, 8-3","6-7, H",1.2,1,0,0,0,0,0,0,1,0,0,0,5,1,P
238,Ryan Thompson,2025-06-03,32-342,ARI,@,ATL,"W, 8-3",9-GF,1.0,0,0,0,0,0,0,0,0,0,0,0,3,0,P
239,Justin Topa,2025-06-03,34-088,MIN,@,ATH,"W, 10-3",7-7,1.0,1,0,0,0,0,0,0,1,0,0,0,4,1,P
240,Edwin Uceta,2025-06-03,27-145,TBR,,TEX,"W, 5-1","6-6, H",0.1,0,0,0,0,0,0,0,1,0,0,0,1,0,P
241,José Ureña,2025-06-03,33-264,LAD,,NYM,"W, 6-5 (10)",9-9,0.2,1,0,0,0,0,0,0,0,0,0,0,3,1,P
242,Alex Vesia,2025-06-03,29-053,LAD,,NYM,"W, 6-5 (10)",8-8,0.2,1,0,0,0,0,0,0,0,0,0,0,3,1,P
243,Victor Vodnik,2025-06-03,25-237,COL,@,MIA,"W, 3-2","7-8, W",1.1,0,0,0,0,0,0,0,0,0,0,0,4,0,P
244,Brandon Waddell,2025-06-03,31-000,NYM,@,LAD,"L, 5-6 (10)","7-7, H",1.0,0,0,0,0,0,1,0,0,0,0,0,4,1,P
245,Greg Weissert,2025-06-03,30-119,BOS,,LAA,"L, 3-4 (10)",7-7,1.0,0,0,0,0,0,0,0,0,0,0,0,3,0,P
246,Garrett Whitlock,2025-06-03,28-357,BOS,,LAA,"L, 3-4 (10)",8-8,1.0,1,0,0,0,0,0,0,1,0,0,0,4,1,P
247,Devin Williams,2025-06-03,30-255,NYY,,CLE,"W, 3-2","9-GF, S",1.0,2,1,1,0,0,0,0,1,0,0,0,5,2,P
248,Trevor Williams,2025-06-03,33-039,WSN,,CHC,"L, 3-8","GS-5, L",4.1,5,5,5,0,0,1,0,4,0,0,0,20,6,P
249,Rob Zastryzny,2025-06-03,33-069,MIL,@,CIN,"L, 2-4",7-7,0.2,0,0,0,0,0,1,1,0,0,0,0,3,1,P
250,Ángel Zerpa,2025-06-03,25-249,KCR,@,STL,"W, 10-7","6-6, H",0.2,1,0,0,0,0,1,0,0,0,0,0,4,2,P
251,Jason Adam,2025-06-02,33-302,SDP,@,SFG,"W, 1-0 (10)",8-8,1.0,1,0,0,0,0,1,1,3,0,0,1,5,2,P
252,Zach Agnos,2025-06-02,24-291,COL,@,MIA,"W, 6-4","9-GF, S",1.0,1,0,0,0,0,0,0,0,0,0,0,3,1,P
253,Elvis Alvarado,2025-06-02,26-099,ATH,,MIN,"L, 4-10",7-8,1.1,3,1,1,0,0,0,0,1,0,0,1,7,3,P
254,Tyler Anderson,2025-06-02,35-154,LAA,@,BOS,"W, 7-6",GS-5,4.1,7,5,5,0,0,2,0,5,0,0,1,22,9,P
255,Scott Barlow,2025-06-02,32-166,CIN,,MIL,"L, 2-3",9-GF,1.0,0,0,0,0,0,0,0,1,0,0,0,3,0,P
256,Valente Bellozo,2025-06-02,25-149,MIA,,COL,"L, 4-6",7-GF,3.0,2,1,1,0,0,0,0,4,0,0,0,11,2,P
257,Jake Bird,2025-06-02,29-180,COL,@,MIA,"W, 6-4","6-6, H",1.0,1,0,0,0,0,0,0,0,0,0,0,4,1,P
258,Paul Blackburn,2025-06-02,31-180,NYM,@,LAD,"W, 4-3 (10)",GS-5,5.0,3,0,0,0,0,1,0,3,0,0,0,19,5,P
259,Huascar Brazobán,2025-06-02,35-230,NYM,@,LAD,"W, 4-3 (10)","6-6, H",1.0,1,0,0,0,0,2,0,2,0,0,0,6,3,P
260,John Brebbia,2025-06-02,35-003,DET,@,CHW,"W, 13-1",9-GF,1.0,0,0,0,0,0,0,0,1,0,0,0,3,0,P
261,Nick Burdi,2025-06-02,32-134,BOS,,LAA,"L, 6-7",7-7,1.0,0,0,0,0,0,1,0,1,0,0,0,4,2,P
262,José Buttó,2025-06-02,27-075,NYM,@,LAD,"W, 4-3 (10)","10-GF(10), S",0.2,0,0,0,0,0,0,0,0,0,0,0,2,0,P
263,Jonathan Cannon,2025-06-02,24-318,CHW,,DET,"L, 1-13","GS-3, L",3.0,4,5,5,0,3,3,0,5,0,0,0,16,7,P
264,Vinny Capra,2025-06-02,28-330,CHW,,DET,"L, 1-13",9-GF,1.0,0,0,0,0,0,0,0,0,0,0,0,3,0,2B P
265,José Castillo,2025-06-02,29-143,NYM,@,LAD,"W, 4-3 (10)","10-10, H",0.1,1,1,0,1,0,1,0,1,0,0,0,3,2,P
266,Aaron Civale,2025-06-02,29-355,MIL,@,CIN,"W, 3-2","GS-6, W",5.1,7,2,2,0,0,1,0,5,0,0,0,23,8,P
267,Reid Detmers,2025-06-02,25-329,LAA,@,BOS,"W, 7-6","6-6, H",1.0,2,0,0,0,0,1,0,0,0,0,0,6,3,P
268,Edwin Díaz,2025-06-02,31-072,NYM,@,LAD,"W, 4-3 (10)","9-9, BW",1.0,2,1,1,0,0,0,0,2,0,0,0,5,2,P
269,Hunter Dobbins,2025-06-02,25-276,BOS,,LAA,"L, 6-7",2-6,5.0,4,1,1,0,1,1,0,4,0,0,0,19,5,P
270,Jack Dreyer,2025-06-02,26-095,LAD,,NYM,"L, 3-4 (10)",7-8,2.0,0,0,0,0,0,0,0,1,0,0,0,6,0,P
271,Jeremiah Estrada,2025-06-02,26-213,SDP,@,SFG,"W, 1-0 (10)",7-7,0.1,0,0,0,0,0,2,0,1,0,0,0,3,2,P
272,Richard Fitts,2025-06-02,25-167,BOS,,LAA,"L, 6-7","GS-1, L",1.0,4,6,5,1,3,1,0,0,0,0,0,9,6,P
273,Jack Flaherty,2025-06-02,29-230,DET,@,CHW,"W, 13-1","GS-6, W",6.0,4,1,1,0,0,1,0,4,0,0,0,23,5,P
274,Kody Funderburk,2025-06-02,28-187,MIN,@,ATH,"W, 10-4",9-GF,1.0,0,0,0,0,0,2,0,1,0,0,0,4,2,P
275,Ian Gibaut,2025-06-02,31-195,CIN,,MIL,"L, 2-3",7-8,1.2,0,0,0,0,0,0,0,1,0,0,0,5,0,P
276,Luis Guerrero,2025-06-02,24-301,BOS,,LAA,"L, 6-7",8-GF,2.0,0,0,0,0,0,0,0,0,0,0,0,6,0,P
277,Seth Halvorsen,2025-06-02,25-104,COL,@,MIA,"W, 6-4","8-8, H",1.0,0,0,0,0,0,0,0,1,0,0,0,3,0,P
278,Hogan Harris,2025-06-02,28-158,ATH,,MIN,"L, 4-10",6-7,1.0,0,0,0,0,0,3,0,2,0,0,0,6,3,P
279,Kenley Jansen,2025-06-02,37-245,LAA,@,BOS,"W, 7-6","9-GF, S",1.0,0,0,0,0,0,0,0,1,0,0,0,3,0,P
280,Tyler Kinley,2025-06-02,34-122,COL,@,MIA,"W, 6-4","7-7, H",1.0,0,0,0,0,0,0,0,1,0,0,0,4,1,P
281,Jared Koenig,2025-06-02,31-129,MIL,@,CIN,"W, 3-2","7-7, H",1.0,0,0,0,0,0,1,0,2,0,0,0,4,1,P
282,Stephen Kolek,2025-06-02,28-045,SDP,@,SFG,"W, 1-0 (10)",GS-6,5.2,3,0,0,0,0,2,0,3,2,0,0,22,7,P
283,Max Kranick,2025-06-02,27-316,NYM,@,LAD,"W, 4-3 (10)","7-7, H",1.0,1,1,1,0,1,0,0,2,0,0,0,4,1,P
284,Germán Márquez,2025-06-02,30-100,COL,@,MIA,"W, 6-4","GS-5, W",5.0,9,4,3,1,0,2,0,6,0,0,0,26,11,P
285,Dustin May,2025-06-02,27-269,LAD,,NYM,"L, 3-4 (10)",GS-6,6.0,6,2,2,0,1,2,1,5,1,0,0,26,9,P
286,Trevor Megill,2025-06-02,31-179,MIL,@,CIN,"W, 3-2","9-GF, S",1.0,0,0,0,0,0,0,0,1,0,0,0,3,0,P
287,Max Meyer,2025-06-02,26-082,MIA,,COL,"L, 4-6","GS-5, L",5.0,10,5,4,1,2,1,0,5,0,0,0,25,11,P
288,Adrián Morejón,2025-06-02,26-095,SDP,@,SFG,"W, 1-0 (10)",6-7,1.0,0,0,0,0,0,1,0,2,0,0,0,4,1,P
289,Héctor Neris,2025-06-02,35-353,LAA,@,BOS,"W, 7-6","8-8, H",1.0,1,1,1,0,1,0,0,1,0,0,0,4,1,P
290,Sean Newcomb,2025-06-02,31-355,ATH,,MIN,"L, 4-10",9-GF,1.0,2,1,1,0,0,1,0,1,0,0,0,6,3,P
291,Randy Rodríguez,2025-06-02,25-270,SFG,,SDP,"L, 0-1 (10)",9-9,1.0,0,0,0,0,0,0,0,2,0,0,0,3,0,P
292,Taylor Rogers,2025-06-02,34-167,CIN,,MIL,"L, 2-3",8-8,0.1,0,0,0,0,0,0,0,0,0,0,0,1,0,P
293,Joe Ryan,2025-06-02,28-362,MIN,@,ATH,"W, 10-4","GS-5, W",5.0,6,4,4,0,1,3,0,4,2,0,0,26,11,P
294,Tanner Scott,2025-06-02,30-315,LAD,,NYM,"L, 3-4 (10)","10-GF(10), L",1.0,2,2,1,1,0,1,0,1,0,0,0,6,3,P
295,Luis Severino,2025-06-02,31-102,ATH,,MIN,"L, 4-10","GS-6, L",5.2,9,8,8,0,0,1,0,1,1,0,0,28,11,P
296,Brady Singer,2025-06-02,28-302,CIN,,MIL,"L, 2-3","GS-5, L",5.0,4,3,3,0,1,3,0,4,0,0,0,21,7,P
297,Dylan Smith,2025-06-02,25-005,DET,@,CHW,"W, 13-1",7-8,2.0,1,0,0,0,0,1,0,0,1,0,0,7,3,P
298,Ryne Stanek,2025-06-02,33-311,NYM,@,LAD,"W, 4-3 (10)","8-8, H",1.0,1,0,0,0,0,0,0,0,0,0,0,4,1,P
299,Brock Stewart,2025-06-02,33-242,MIN,@,ATH,"W, 10-4",6-6,1.0,0,0,0,0,0,1,0,1,0,0,0,3,1,P
300,Hunter Strickland,2025-06-02,36-251,LAA,@,BOS,"W, 7-6",5-5,0.2,1,0,0,0,0,0,0,1,0,0,0,3,1,P
301,Robert Suarez,2025-06-02,34-093,SDP,@,SFG,"W, 1-0 (10)","9-GF(10), W",2.0,1,0,0,0,0,0,0,1,0,0,0,7,1,P
302,Brent Suter,2025-06-02,35-277,CIN,,MIL,"L, 2-3",6-6,1.0,1,0,0,0,0,0,0,1,0,0,0,4,1,P
303,Jesús Tinoco,2025-06-02,30-033,MIA,,COL,"L, 4-6",6-6,1.0,0,0,0,0,0,0,0,0,0,0,0,3,0,P
304,Justin Topa,2025-06-02,34-087,MIN,@,ATH,"W, 10-4",8-8,1.0,1,0,0,0,0,0,0,2,0,0,0,4,1,P
305,Lou Trivino,2025-06-02,33-244,LAD,,NYM,"L, 3-4 (10)",9-9,1.0,0,0,0,0,0,0,0,1,0,0,0,3,0,P
306,Abner Uribe,2025-06-02,24-347,MIL,@,CIN,"W, 3-2","8-8, H",1.0,0,0,0,0,0,0,0,2,0,0,0,3,0,P
307,Louis Varland,2025-06-02,27-175,MIN,@,ATH,"W, 10-4",7-7,1.0,0,0,0,0,0,0,0,1,0,0,0,3,0,P
308,Ryan Walker,2025-06-02,29-188,SFG,,SDP,"L, 0-1 (10)","10-GF(10), L",1.0,0,1,0,1,0,0,0,0,0,0,0,3,0,P
309,Logan Webb,2025-06-02,28-196,SFG,,SDP,"L, 0-1 (10)",GS-8,8.0,6,0,0,0,0,0,0,7,1,0,0,30,7,P
310,Bryse Wilson,2025-06-02,27-164,CHW,,DET,"L, 1-13",4-8,5.0,12,8,8,0,2,1,0,2,0,0,0,27,13,P
311,Rob Zastryzny,2025-06-02,33-068,MIL,@,CIN,"W, 3-2","6-6, H",0.2,1,0,0,0,0,0,0,1,0,0,0,3,1,P
312,Ryan Zeferjahn,2025-06-02,27-094,LAA,@,BOS,"W, 7-6","7-7, W",1.0,0,0,0,0,0,0,0,2,0,0,0,3,0,P
313,Bryan Abreu,2025-06-01,28-040,HOU,,TBR,"W, 1-0","7-8, H",1.1,0,0,0,0,0,1,0,2,0,0,0,5,1,P
314,Jason Adam,2025-06-01,33-301,SDP,,PIT,"W, 6-4","8-8, H",1.0,0,0,0,0,0,0,0,1,0,0,0,3,0,P
315,Zach Agnos,2025-06-01,24-290,COL,@,NYM,"L, 3-5",8-GF(8),1.0,1,1,1,0,1,0,0,0,0,0,0,4,1,P
316,Shawn Armstrong,2025-06-01,34-263,TEX,,STL,"W, 8-1","7-7, H",0.2,1,0,0,0,0,0,0,0,0,0,0,3,1,P
317,Braxton Ashcraft,2025-06-01,25-239,PIT,@,SDP,"L, 4-6",8-GF(8),1.0,0,0,0,0,0,0,0,2,0,0,0,3,0,P
318,Bryan Baker,2025-06-01,30-181,BAL,,CHW,"W, 3-2","9-GF, S",1.0,0,0,0,0,0,0,0,2,0,0,0,3,0,P
319,Anthony Banda,2025-06-01,31-295,LAD,,NYY,"L, 3-7",4-5,0.2,0,2,2,0,0,2,0,1,0,0,0,4,2,P
320,Eduard Bazardo,2025-06-01,29-273,SEA,,MIN,"W, 2-1",7-7,1.0,0,0,0,0,0,0,0,0,0,0,0,3,0,P
321,Jalen Beeks,2025-06-01,31-326,ARI,,WSN,"W, 3-1",5-5,0.1,1,0,0,0,0,1,0,1,0,0,0,3,2,P
322,Jake Bird,2025-06-01,29-179,COL,@,NYM,"L, 3-5",5-6,1.1,0,0,0,0,0,0,0,3,0,0,0,4,0,P
323,Hayden Birdsong,2025-06-01,23-275,SFG,@,MIA,"W, 4-2","GS-6, W",5.1,5,1,1,0,0,0,0,5,0,0,0,21,5,P
324,Jonathan Bowlan,2025-06-01,28-182,KCR,,DET,"L, 0-1",9-GF,0.1,1,0,0,0,0,1,0,1,0,0,0,3,2,P
325,Taj Bradley,2025-06-01,24-073,TBR,@,HOU,"L, 0-1","GS-7, L",7.0,3,1,0,1,0,2,0,10,0,0,0,27,6,P
326,Matt Brash,2025-06-01,27-020,SEA,,MIN,"W, 2-1","8-8, H",1.0,1,0,0,0,0,0,0,2,1,0,0,5,2,P
327,Ryan Brasier,2025-06-01,37-279,CHC,,CIN,"W, 7-3",9-GF,1.0,1,1,1,0,0,1,0,1,0,0,0,5,2,P
328,Connor Brogdon,2025-06-01,30-123,LAA,@,CLE,"L, 2-4",4-4,0.1,0,0,0,0,0,0,0,0,0,0,0,1,0,P
329,Hunter Brown,2025-06-01,26-276,HOU,,TBR,"W, 1-0","GS-6, W",6.0,1,0,0,0,0,4,0,5,0,0,0,21,5,P
330,Zach Brzykcy,2025-06-01,25-324,WSN,@,ARI,"L, 1-3",7-7,1.0,0,0,0,0,0,1,0,1,0,0,0,4,1,P
331,Kris Bubic,2025-06-01,27-286,KCR,,DET,"L, 0-1","GS-7, L",7.0,4,1,1,0,0,2,0,9,0,0,1,26,6,P
332,Aaron Bummer,2025-06-01,31-253,ATL,,BOS,"L, 1-3",7-8,2.0,1,0,0,0,0,0,0,5,0,0,0,7,1,P
333,Brock Burke,2025-06-01,28-301,LAA,@,CLE,"L, 2-4",7-GF(8),2.0,1,0,0,0,0,0,0,3,0,0,0,7,1,P
334,Corbin Burnes,2025-06-01,30-222,ARI,,WSN,"W, 3-1",GS-5,4.2,4,1,1,0,0,1,0,6,0,0,0,19,5,P
335,Luis Castillo,2025-06-01,32-171,SEA,,MIN,"W, 2-1",GS-6,6.0,4,0,0,0,0,2,0,5,0,0,0,23,6,P
336,Aroldis Chapman,2025-06-01,37-093,BOS,@,ATL,"W, 3-1","9-GF, S",1.0,0,0,0,0,0,1,0,1,0,0,0,4,1,P
337,Emmanuel Clase,2025-06-01,27-075,CLE,,LAA,"W, 4-2","9-GF, S",1.0,0,0,0,0,0,0,0,2,0,0,0,3,0,P
338,Garrett Crochet,2025-06-01,25-345,BOS,@,ATL,"W, 3-1","GS-7, W",7.0,5,1,1,0,1,2,0,12,0,0,0,28,7,P
339,Noah Davis,2025-06-01,28-040,LAD,,NYY,"L, 3-7",6-7,2.0,1,0,0,0,0,0,0,2,2,0,0,8,3,P
340,Jacob deGrom,2025-06-01,36-347,TEX,,STL,"W, 8-1","GS-6, W",6.0,4,1,1,0,0,3,0,4,0,0,0,23,7,P
341,Enyel De Los Santos,2025-06-01,29-158,ATL,,BOS,"L, 1-3",6-6,0.2,0,0,0,0,0,0,0,1,0,0,0,2,0,P
342,Edwin Díaz,2025-06-01,31-071,NYM,,COL,"W, 5-3","9-GF, S",1.0,1,0,0,0,0,0,0,3,0,0,1,4,1,P
343,Camilo Doval,2025-06-01,27-332,SFG,@,MIA,"W, 4-2","8-GF, S",1.1,1,0,0,0,0,2,0,0,0,1,0,6,3,P
344,Brandon Eisert,2025-06-01,27-133,CHW,@,BAL,"L, 2-3",7-8,1.1,0,0,0,0,0,0,0,2,0,0,0,4,0,P
345,Bryce Elder,2025-06-01,26-013,ATL,,BOS,"L, 1-3","GS-6, L",5.1,6,3,3,0,0,3,0,4,0,0,0,25,9,P
346,Erick Fedde,2025-06-01,32-096,STL,@,TEX,"L, 1-8","GS-6, L",6.0,4,2,2,0,0,3,0,5,0,0,0,24,7,P
347,Caleb Ferguson,2025-06-01,28-334,PIT,@,SDP,"L, 4-6","7-7,BS",0.2,2,0,0,0,0,1,0,1,0,0,0,5,3,P
348,Matt Festa,2025-06-01,32-082,CLE,,LAA,"W, 4-2","8-8, H",0.1,0,0,0,0,0,0,0,1,0,0,0,1,0,P
349,Mason Fluharty,2025-06-01,23-292,TOR,,ATH,"W, 8-4",5-6,1.1,0,0,0,0,0,0,0,2,0,0,0,4,0,P
350,Hunter Gaddis,2025-06-01,27-053,CLE,,LAA,"W, 4-2","7-8, H",1.0,2,0,0,0,0,1,0,2,0,0,0,6,3,P
351,Reed Garrett,2025-06-01,32-150,NYM,,COL,"W, 5-3","8-8, H",1.0,1,0,0,0,0,0,0,2,0,0,0,4,1,P
352,Kevin Gausman,2025-06-01,34-146,TOR,,ATH,"W, 8-4",GS-5,4.2,8,3,3,0,0,2,0,7,0,0,0,24,10,P
353,Cade Gibson,2025-06-01,27-103,MIA,,SFG,"L, 2-4",9-GF,1.0,1,0,0,0,0,0,0,0,0,0,0,4,1,P
354,Chad Green,2025-06-01,34-008,TOR,,ATH,"W, 8-4",7-7,1.0,2,0,0,0,0,1,0,2,0,0,0,6,3,P
355,Josh Hader,2025-06-01,31-055,HOU,,TBR,"W, 1-0","9-GF, S",1.0,0,0,0,0,0,0,0,2,0,0,0,3,0,P
356,Andrew Heaney,2025-06-01,33-361,PIT,@,SDP,"L, 4-6",GS-6,5.2,5,2,2,0,1,0,0,3,0,0,0,22,5,P
357,Jordan Hicks,2025-06-01,28-268,SFG,@,MIA,"W, 4-2","7-7, H",0.1,0,1,1,0,0,3,0,1,0,0,0,4,3,P
358,Tim Hill,2025-06-01,35-111,NYY,@,LAD,"W, 7-3",9-GF,1.0,0,0,0,0,0,0,0,1,0,0,0,3,0,P
359,Jeff Hoffman,2025-06-01,32-144,TOR,,ATH,"W, 8-4",9-GF,1.0,0,0,0,0,0,0,0,2,0,0,0,3,0,P
360,Grant Holman,2025-06-01,25-001,ATH,@,TOR,"L, 4-8",8-GF(8),1.0,2,2,2,0,0,1,0,1,0,0,0,6,3,P
361,Clay Holmes,2025-06-01,32-066,NYM,,COL,"W, 5-3","GS-7, W",7.0,3,3,3,0,2,0,0,3,1,0,0,24,4,P
362,Tyler Holton,2025-06-01,28-353,DET,@,KCR,"W, 1-0",5-6,1.0,1,0,0,0,0,0,0,1,0,0,0,4,1,P
363,Adrian Houser,2025-06-01,32-119,CHW,@,BAL,"L, 2-3","GS-7, L",6.1,8,3,3,0,0,1,0,6,0,0,0,27,9,P
364,Raisel Iglesias,2025-06-01,35-148,ATL,,BOS,"L, 1-3",9-GF,1.0,0,0,0,0,0,0,0,2,0,0,0,3,0,P
365,Luke Jackson,2025-06-01,33-281,TEX,,STL,"W, 8-1",9-GF,1.0,0,0,0,0,0,0,0,1,0,0,0,4,1,P
366,Griffin Jax,2025-06-01,30-191,MIN,@,SEA,"L, 1-2","9-GF, L",0.1,2,1,1,0,0,0,0,1,0,0,0,3,2,P
367,Tommy Kahnle,2025-06-01,35-298,DET,@,KCR,"W, 1-0","8-8, H",1.0,1,0,0,0,0,0,0,0,0,0,0,4,1,P
368,Orion Kerkering,2025-06-01,24-058,PHI,,MIL,"L, 2-5","7-7, BL",1.0,1,2,0,2,0,1,0,0,0,0,0,6,3,P
369,Bryan King,2025-06-01,28-208,HOU,,TBR,"W, 1-0","7-7, H",0.2,1,0,0,0,0,0,0,0,0,0,0,3,1,P
370,Tyler Kinley,2025-06-01,34-121,COL,@,NYM,"L, 3-5",7-7,1.0,0,0,0,0,0,0,0,0,0,0,0,3,0,P
371,Andrew Kittredge,2025-06-01,35-076,BAL,,CHW,"W, 3-2","8-8, H",0.2,0,0,0,0,0,0,0,0,0,0,0,2,0,P
372,Jack Kochanowicz,2025-06-01,24-161,LAA,@,CLE,"L, 2-4","GS-4, L",3.2,5,4,4,0,1,3,0,4,1,0,1,19,9,P
373,Jared Koenig,2025-06-01,31-128,MIL,@,PHI,"W, 5-2","7-7, H",1.0,1,0,0,0,0,0,0,0,0,0,0,4,1,P
374,Kyle Leahy,2025-06-01,27-362,STL,@,TEX,"L, 1-8",7-7,0.2,2,1,1,0,0,1,0,0,0,0,0,5,3,P
375,Chase Lee,2025-06-01,26-292,DET,@,KCR,"W, 1-0","6-7, W",1.1,0,0,0,0,0,0,0,1,0,0,0,4,0,P
376,Jonathan Loáisiga,2025-06-01,30-211,NYY,@,LAD,"W, 7-3",7-7,1.0,2,2,2,0,2,0,0,2,0,0,0,5,2,P
377,Brad Lord,2025-06-01,25-107,WSN,@,ARI,"L, 1-3",8-GF(8),1.0,0,0,0,0,0,0,0,1,0,0,0,3,0,P
378,Nick Martinez,2025-06-01,34-300,CIN,@,CHC,"L, 3-7","GS-5, L",4.2,7,5,5,0,1,2,0,2,1,0,0,23,10,P
379,Justin Martínez,2025-06-01,23-306,ARI,,WSN,"W, 3-1","9-GF, S",1.0,0,0,0,0,0,0,0,2,0,0,0,3,0,P
380,Steven Matz,2025-06-01,34-003,STL,@,TEX,"L, 1-8",7-8,0.1,2,3,1,2,0,0,0,0,0,0,0,4,2,P
381,Nick Mears,2025-06-01,28-237,MIL,@,PHI,"W, 5-2","6-6, W",1.0,0,0,0,0,0,0,0,1,0,0,0,3,0,P
382,Trevor Megill,2025-06-01,31-178,MIL,@,PHI,"W, 5-2","9-GF, S",1.0,1,0,0,0,0,0,0,1,0,0,0,4,1,P
383,Cristian Mena,2025-06-01,22-162,ARI,,WSN,"W, 3-1","6-7, W",2.0,1,0,0,0,0,1,0,2,0,0,0,8,2,P
384,Shelby Miller,2025-06-01,34-234,ARI,,WSN,"W, 3-1","8-8, H",1.0,0,0,0,0,0,0,0,2,0,0,0,3,0,P
385,Erik Miller,2025-06-01,27-108,SFG,@,MIA,"W, 4-2","8-8, H",0.2,2,0,0,0,0,0,0,1,0,0,0,4,2,P
386,Hoby Milner,2025-06-01,34-139,TEX,,STL,"W, 8-1","7-8, H",1.1,0,0,0,0,0,0,0,1,0,0,0,4,0,P
387,Keider Montero,2025-06-01,24-330,DET,@,KCR,"W, 1-0",GS-5,4.2,7,0,0,0,0,1,0,2,0,0,0,20,8,P
388,Adrián Morejón,2025-06-01,26-094,SDP,,PIT,"W, 6-4","7-7, W",0.1,0,0,0,0,0,0,0,0,0,0,0,1,0,P
389,David Morgan,2025-06-01,25-218,SDP,,PIT,"W, 6-4",6-7,1.2,1,0,0,0,0,0,0,2,0,0,0,6,1,P
390,Charlie Morton,2025-06-01,41-201,BAL,,CHW,"W, 3-2","GS-7, W",6.2,6,1,0,1,0,1,0,7,0,1,1,28,8,P
391,Andrés Muñoz,2025-06-01,26-136,SEA,,MIN,"W, 2-1","9-GF, BW",1.0,1,1,1,0,0,1,0,2,0,0,1,5,2,P
392,Roddery Muñoz,2025-06-01,25-048,STL,@,TEX,"L, 1-8",8-GF(8),1.0,1,2,2,0,1,1,0,1,0,0,1,5,2,P
393,Chris Paddack,2025-06-01,29-144,MIN,@,SEA,"L, 1-2",GS-8,8.0,4,1,1,0,1,1,0,10,0,0,0,29,5,P
394,Carson Palmquist,2025-06-01,24-227,COL,@,NYM,"L, 3-5","GS-5, L",4.2,4,4,4,0,2,2,0,8,1,0,0,21,7,P
395,Mitchell Parker,2025-06-01,25-247,WSN,@,ARI,"L, 1-3","GS-6, L",5.0,3,3,3,0,1,2,0,2,0,0,0,20,5,P
396,Wandy Peralta,2025-06-01,33-309,SDP,,PIT,"W, 6-4",4-5,1.2,0,0,0,0,0,1,0,2,0,0,0,6,1,P
397,Tyler Phillips,2025-06-01,27-217,MIA,,SFG,"L, 2-4",8-8,1.0,2,0,0,0,0,0,0,1,0,0,0,4,2,P
398,Ryan Pressly,2025-06-01,36-168,CHC,,CIN,"W, 7-3",8-8,1.0,0,0,0,0,0,0,0,3,0,0,0,3,0,P
399,Jose Quintana,2025-06-01,36-128,MIL,@,PHI,"W, 5-2",GS-5,5.0,4,2,2,0,0,4,0,3,0,0,0,23,8,P
400,Tanner Rainey,2025-06-01,32-158,PIT,@,SDP,"L, 4-6","7-7, HL",0.1,1,4,4,0,0,3,0,0,0,0,0,5,4,P
401,Lyon Richardson,2025-06-01,25-134,CIN,@,CHC,"L, 3-7",7-7,1.0,1,2,0,2,0,1,1,2,0,0,0,6,4,P
402,Taylor Rogers,2025-06-01,34-166,CIN,@,CHC,"L, 3-7",8-GF(8),1.0,0,0,0,0,0,0,0,1,0,0,0,3,0,P
403,Tyler Rogers,2025-06-01,34-166,SFG,@,MIA,"W, 4-2","7-7, H",0.2,1,0,0,0,0,0,0,1,0,0,0,3,1,P
404,Jordan Romano,2025-06-01,32-041,PHI,,MIL,"L, 2-5",9-GF,1.0,1,1,1,0,0,1,0,2,0,0,0,4,2,P
405,Eduardo Salazar,2025-06-01,27-027,WSN,@,ARI,"L, 1-3",6-6,1.0,0,0,0,0,0,1,0,1,0,0,0,5,1,P
406,JP Sears,2025-06-01,29-102,ATH,@,TOR,"L, 4-8",GS-5,5.0,7,2,2,0,0,0,0,3,1,0,0,22,8,P
407,Chase Shugart,2025-06-01,28-220,PIT,@,SDP,"L, 4-6","6-6, H",0.1,0,0,0,0,0,0,0,0,0,0,0,1,0,P
408,Gregory Soto,2025-06-01,30-110,BAL,,CHW,"W, 3-2","7-8, H",0.2,1,1,1,0,1,0,0,0,0,0,0,3,1,P
409,Mitch Spence,2025-06-01,27-026,ATH,@,TOR,"L, 4-8","6-7, H",2.0,1,0,0,0,0,0,0,2,0,0,0,7,1,P
410,Justin Sterner,2025-06-01,28-276,ATH,@,TOR,"L, 4-8","8-8, BL",0.0,3,4,3,1,1,0,0,0,0,0,0,4,3,P
411,Matt Strahm,2025-06-01,33-201,PHI,,MIL,"L, 2-5",8-8,1.0,0,0,0,0,0,0,0,1,0,0,0,3,0,P
412,Chris Stratton,2025-06-01,34-283,LAD,,NYY,"L, 3-7",8-GF,2.0,1,1,1,0,0,2,0,4,0,0,0,9,3,P
413,Hunter Strickland,2025-06-01,36-250,LAA,@,CLE,"L, 2-4",5-6,2.0,0,0,0,0,0,2,0,0,0,0,0,9,3,P
414,Ranger Suárez,2025-06-01,29-279,PHI,,MIL,"L, 2-5",GS-7,6.0,7,2,1,1,0,0,0,2,1,0,0,25,8,P
415,Robert Suarez,2025-06-01,34-092,SDP,,PIT,"W, 6-4","9-GF, S",1.0,0,0,0,0,0,0,0,2,0,0,0,3,0,P
416,Brent Suter,2025-06-01,35-276,CIN,@,CHC,"L, 3-7",5-6,1.1,2,0,0,0,0,0,0,1,0,0,0,6,2,P
417,Erik Swanson,2025-06-01,31-270,TOR,,ATH,"W, 8-4","8-8, W",1.0,1,1,1,0,0,0,0,1,1,0,1,5,2,P
418,Jameson Taillon,2025-06-01,33-195,CHC,,CIN,"W, 7-3","GS-7, W",6.1,3,2,2,0,1,1,0,2,0,0,0,23,4,P
419,Caleb Thielbar,2025-06-01,38-121,CHC,,CIN,"W, 7-3","7-7, H",0.2,0,0,0,0,0,0,0,0,0,0,0,2,0,P
420,Jesús Tinoco,2025-06-01,30-032,MIA,,SFG,"L, 2-4",7-7,1.0,0,0,0,0,0,1,0,0,0,0,0,3,1,P
421,Lou Trivino,2025-06-01,33-243,LAD,,NYY,"L, 3-7",5-5,0.2,2,0,0,0,0,0,0,2,0,0,0,4,2,P
422,Edwin Uceta,2025-06-01,27-143,TBR,@,HOU,"L, 0-1",8-GF(8),1.0,1,0,0,0,0,1,0,1,0,0,0,5,2,P
423,Abner Uribe,2025-06-01,24-346,MIL,@,PHI,"W, 5-2","8-8, H",1.0,0,0,0,0,0,0,0,0,0,0,0,3,0,P
424,Randy Vásquez,2025-06-01,26-210,SDP,,PIT,"W, 6-4",GS-4,3.1,6,4,4,0,2,3,0,3,0,0,0,18,9,P
425,Will Vest,2025-06-01,29-360,DET,@,KCR,"W, 1-0","9-GF, S",1.0,0,0,0,0,0,0,0,0,0,0,0,3,0,P
426,Ryan Walker,2025-06-01,29-187,SFG,@,MIA,"W, 4-2","6-6, H",0.2,0,0,0,0,0,0,0,1,0,0,0,2,0,P
427,Ryan Weathers,2025-06-01,25-166,MIA,,SFG,"L, 2-4","GS-6, L",6.0,5,4,4,0,1,3,0,7,0,0,0,26,8,P
428,Greg Weissert,2025-06-01,30-117,BOS,@,ATL,"W, 3-1","8-8, H",1.0,0,0,0,0,0,0,0,1,0,0,0,3,0,P
429,Gavin Williams,2025-06-01,25-310,CLE,,LAA,"W, 4-2","GS-7, W",6.2,1,2,0,2,0,2,0,6,1,0,0,24,5,P
430,Devin Williams,2025-06-01,30-253,NYY,@,LAD,"W, 7-3","8-8, H",1.0,0,0,0,0,0,0,0,2,0,0,0,3,0,P
431,Steven Wilson,2025-06-01,30-281,CHW,@,BAL,"L, 2-3",8-GF(8),0.1,0,0,0,0,0,0,0,0,0,0,0,1,0,P
432,Yoshinobu Yamamoto,2025-06-01,26-288,LAD,,NYY,"L, 3-7","GS-4, L",3.2,7,4,4,0,1,3,0,2,0,0,1,21,10,P
433,Ryan Yarbrough,2025-06-01,33-152,NYY,@,LAD,"W, 7-3","GS-6, W",6.0,4,1,1,0,1,0,0,5,0,0,0,21,4,P
434,Ángel Zerpa,2025-06-01,25-247,KCR,,DET,"L, 0-1",8-9,1.2,0,0,0,0,0,0,0,0,0,0,0,5,0,P
435,Keegan Akin,2025-05-31,30-060,BAL,,CHW,"W, 4-2","7-8, H",0.2,0,0,0,0,0,1,0,0,0,0,1,3,1,P
436,Jorge Alcalá,2025-05-31,29-307,MIN,@,SEA,"L, 4-5 (11)","7-7,BS",1.0,2,2,2,0,1,1,0,0,0,0,0,5,3,P
437,Tyler Alexander,2025-05-31,30-321,MIL,@,PHI,"W, 17-7",9-GF,1.0,5,5,5,0,1,0,0,0,0,0,0,8,5,P
438,Logan Allen,2025-05-31,26-268,CLE,,LAA,"W, 7-5","7-7, W",1.0,0,0,0,0,0,0,0,2,0,0,0,3,0,P
439,Dan Altavilla,2025-05-31,32-265,CHW,@,BAL,"L, 2-4",8-GF(8),1.0,0,0,0,0,0,2,0,1,0,0,0,5,2,P
440,Grant Anderson,2025-05-31,27-344,MIL,@,PHI,"W, 17-7",8-8,1.0,0,0,0,0,0,0,0,0,0,0,0,3,0,P
441,Graham Ashcraft,2025-05-31,27-109,CIN,@,CHC,"L, 0-2","8-8, L",0.2,3,2,2,0,0,2,0,0,0,0,0,7,5,P
442,Anthony Banda,2025-05-31,31-294,LAD,,NYY,"W, 18-2",7-7,1.0,0,0,0,0,0,1,0,2,0,0,0,4,1,P
443,Tanner Banks,2025-05-31,33-219,PHI,,MIL,"L, 7-17",7-7,1.0,2,0,0,0,0,0,0,2,0,0,0,5,2,P
444,Scott Barlow,2025-05-31,32-164,CIN,@,CHC,"L, 0-2",7-7,1.0,0,0,0,0,0,1,0,3,0,0,0,4,1,P
445,Félix Bautista,2025-05-31,29-345,BAL,,CHW,"W, 4-2","9-GF, S",1.0,0,0,0,0,0,2,0,3,0,0,0,5,2,P
446,Eduard Bazardo,2025-05-31,29-272,SEA,,MIN,"W, 5-4 (11)",6-7,1.1,1,0,0,0,0,1,0,3,0,0,0,6,2,P
447,David Bednar,2025-05-31,30-233,PIT,@,SDP,"W, 5-0",9-GF,1.0,0,0,0,0,0,0,0,1,0,0,0,3,0,P
448,Anthony Bender,2025-05-31,30-117,MIA,,SFG,"W, 1-0","8-8, H",1.0,1,0,0,0,0,1,0,1,0,0,0,5,2,P
449,Brennan Bernardino,2025-05-31,33-136,BOS,@,ATL,"L, 0-5",6-6,0.1,0,0,0,0,0,0,0,0,0,0,0,1,0,P
450,Beau Brieske,2025-05-31,27-057,DET,@,KCR,"L, 0-1","8-GF(8), L",1.0,2,1,1,0,0,0,0,0,0,0,0,5,2,P
451,Jeff Brigham,2025-05-31,33-104,ARI,,WSN,"L, 7-11",2-3,2.0,2,0,0,0,0,0,0,1,0,0,0,8,2,P
452,Connor Brogdon,2025-05-31,30-122,LAA,@,CLE,"L, 5-7",7-GF(8),1.1,1,0,0,0,0,0,0,0,0,0,0,5,1,P
453,Ben Brown,2025-05-31,25-264,CHC,,CIN,"W, 2-0",2-7,6.0,1,0,0,0,0,1,0,9,0,0,0,20,2,P
454,Walker Buehler,2025-05-31,30-307,BOS,@,ATL,"L, 0-5","GS-6, L",5.2,10,5,5,0,2,2,0,6,0,0,0,28,12,P
455,Nick Burdi,2025-05-31,32-132,BOS,@,ATL,"L, 0-5",7-GF(8),2.0,1,0,0,0,0,0,0,3,0,0,1,7,1,P
456,José Buttó,2025-05-31,27-073,NYM,,COL,"W, 8-2",7-8,1.2,0,0,0,0,0,2,0,1,0,0,0,6,2,P
457,Edward Cabrera,2025-05-31,27-048,MIA,,SFG,"W, 1-0","GS-6, W",5.2,6,0,0,0,0,3,0,5,0,0,0,24,10,P
458,Yennier Cano,2025-05-31,31-083,BAL,,CHW,"W, 4-2","7-7, H",0.1,2,1,1,0,0,0,0,0,0,0,0,3,2,P
459,Dylan Cease,2025-05-31,29-154,SDP,,PIT,"L, 0-5","GS-5, L",4.2,7,3,3,0,1,1,0,6,0,0,0,22,8,P
460,Slade Cecconi,2025-05-31,25-341,CLE,,LAA,"W, 7-5",GS-5,4.1,7,5,5,0,3,3,0,3,0,0,0,22,10,P
461,Emmanuel Clase,2025-05-31,27-074,CLE,,LAA,"W, 7-5","9-GF, S",1.0,0,0,0,0,0,0,0,0,0,0,0,3,0,P
462,Patrick Corbin,2025-05-31,35-316,TEX,,STL,"L, 0-2","GS-6, L",5.1,3,2,2,0,0,2,0,3,0,0,1,21,5,P
463,Yerry De los Santos,2025-05-31,27-170,NYY,@,LAD,"L, 2-18",5-6,0.2,3,0,0,0,0,1,0,0,0,0,0,6,4,P
464,Chris Devenski,2025-05-31,34-199,NYM,,COL,"W, 8-2",9-GF,1.0,1,0,0,0,0,0,0,1,0,0,0,4,1,P
465,Seranthony Domínguez,2025-05-31,30-187,BAL,,CHW,"W, 4-2","8-8, H",1.0,0,0,0,0,0,1,0,1,0,0,0,4,1,P
466,Shawn Dubin,2025-05-31,29-267,HOU,,TBR,"L, 3-16",6-6,1.0,4,1,1,0,0,0,0,1,0,0,0,6,4,P
467,Jhoan Durán,2025-05-31,27-143,MIN,@,SEA,"L, 4-5 (11)",10-10,1.0,0,0,0,0,0,0,0,1,0,0,0,3,0,P
468,Nic Enright,2025-05-31,28-143,CLE,,LAA,"W, 7-5",6-6,1.0,0,0,0,0,0,1,0,0,0,0,0,4,1,P
469,Carlos Estévez,2025-05-31,32-154,KCR,,DET,"W, 1-0","9-GF, S",1.0,1,0,0,0,0,0,0,0,0,0,0,4,1,P
470,Bailey Falter,2025-05-31,28-037,PIT,@,SDP,"W, 5-0","GS-7, W",6.1,2,0,0,0,0,1,0,1,0,0,0,20,3,P
471,Calvin Faucher,2025-05-31,29-251,MIA,,SFG,"W, 1-0","9-GF, S",1.0,1,0,0,0,0,0,0,0,0,0,0,4,1,P
472,Caleb Ferguson,2025-05-31,28-333,PIT,@,SDP,"W, 5-0",7-7,0.2,0,0,0,0,0,0,0,1,0,0,0,2,0,P
473,Tyler Ferguson,2025-05-31,31-238,ATH,@,TOR,"L, 7-8",7-7,1.0,0,0,0,0,0,0,0,0,0,0,0,3,0,P
474,Jose A. Ferrer,2025-05-31,25-089,WSN,@,ARI,"W, 11-7",7-7,1.0,0,0,0,0,0,0,0,0,1,0,0,3,1,P
475,Braydon Fisher,2025-05-31,24-309,TOR,,ATH,"W, 8-7",GS-2,1.1,4,5,5,0,2,1,0,1,0,0,0,9,5,P
476,Hunter Gaddis,2025-05-31,27-052,CLE,,LAA,"W, 7-5",5-5,0.2,1,0,0,0,0,0,0,2,0,0,0,3,1,P
477,Colton Gordon,2025-05-31,26-162,HOU,,TBR,"L, 3-16","GS-5, L",5.0,5,4,4,0,2,1,1,6,0,0,0,21,6,P
478,Kendall Graveman,2025-05-31,34-161,ARI,,WSN,"L, 7-11",8-8,1.0,0,0,0,0,0,0,0,1,0,0,0,3,0,P
479,Sonny Gray,2025-05-31,35-205,STL,@,TEX,"W, 2-0","GS-7, W",7.0,4,0,0,0,0,1,0,10,0,0,0,25,5,P
480,Ian Hamilton,2025-05-31,29-349,NYY,@,LAD,"L, 2-18",3-4,2.0,0,0,0,0,0,1,0,1,0,0,0,7,1,P
481,Brent Headrick,2025-05-31,27-165,NYY,@,LAD,"L, 2-18",2-2,0.2,2,3,3,0,1,1,0,1,0,0,0,5,3,P
482,Ryan Helsley,2025-05-31,30-317,STL,@,TEX,"W, 2-0","9-GF, S",1.0,0,0,0,0,0,0,0,2,0,0,0,3,0,P
483,Kyle Hendricks,2025-05-31,35-175,LAA,@,CLE,"L, 5-7",GS-6,5.2,7,4,4,0,2,2,2,6,1,0,0,28,11,P
484,Ronny Henriquez,2025-05-31,24-345,MIA,,SFG,"W, 1-0","6-7, H",1.1,0,0,0,0,0,0,0,2,1,0,0,5,1,P
485,Cole Henry,2025-05-31,25-320,WSN,@,ARI,"W, 11-7",8-GF,2.0,1,0,0,0,0,2,0,2,0,0,0,8,3,P
486,Daysbel Hernández,2025-05-31,28-258,ATL,,BOS,"W, 5-0",7-7,0.2,0,0,0,0,0,0,0,2,0,0,0,2,0,P
487,Kiké Hernández,2025-05-31,33-280,LAD,,NYY,"W, 18-2",9-GF,1.0,1,0,0,0,0,0,0,0,0,0,0,4,1,1B P
488,Jeff Hoffman,2025-05-31,32-143,TOR,,ATH,"W, 8-7","9-GF, S",1.0,2,2,2,0,1,1,0,1,0,0,0,6,3,P
489,Gunnar Hoglund,2025-05-31,25-165,ATH,@,TOR,"L, 7-8","GS-6, L",6.0,10,8,8,0,4,2,0,1,0,0,1,27,12,P
490,Griffin Jax,2025-05-31,30-190,MIN,@,SEA,"L, 4-5 (11)",9-9,1.0,2,0,0,0,0,1,1,1,0,0,0,6,3,P
491,Brad Keller,2025-05-31,29-308,CHC,,CIN,"W, 2-0","8-8, W",1.0,0,0,0,0,0,0,0,0,0,0,0,3,0,P
492,Landon Knack,2025-05-31,27-320,LAD,,NYY,"W, 18-2","GS-6, W",6.0,5,1,1,0,1,3,0,6,0,0,0,23,8,P
493,Jackson Kowar,2025-05-31,28-239,SEA,,MIN,"W, 5-4 (11)","8-8, H",1.0,1,0,0,0,0,0,0,0,1,0,0,4,2,P
494,Dean Kremer,2025-05-31,29-144,BAL,,CHW,"W, 4-2","GS-6, W",6.0,6,1,1,0,0,2,0,7,0,0,0,26,8,P
495,Jordan Leasure,2025-05-31,26-289,CHW,@,BAL,"L, 2-4",7-7,1.0,0,0,0,0,0,0,0,0,0,0,0,3,0,P
496,Dylan Lee,2025-05-31,30-303,ATL,,BOS,"W, 5-0",8-8,1.0,0,0,0,0,0,0,0,1,0,0,0,3,0,P
497,Mark Leiter Jr.,2025-05-31,34-079,NYY,@,LAD,"L, 2-18",5-5,0.2,4,4,4,0,1,0,0,0,0,0,0,6,4,P
498,Zack Littell,2025-05-31,29-238,TBR,@,HOU,"W, 16-3","CG, W",9.0,10,3,3,0,2,1,0,6,1,0,0,37,12,P
499,Brendon Little,2025-05-31,28-293,TOR,,ATH,"W, 8-7","7-7, H",0.2,1,0,0,0,0,2,0,0,0,0,0,4,3,P
500,Nick Lodolo,2025-05-31,27-115,CIN,@,CHC,"L, 0-2",GS-6,6.0,5,0,0,0,0,2,0,5,1,0,0,22,8,P
501,Easton Lucas,2025-05-31,28-250,TOR,,ATH,"W, 8-7","2-6, W",4.2,4,0,0,0,0,1,0,3,0,0,0,18,5,P
502,Jesús Luzardo,2025-05-31,27-243,PHI,,MIL,"L, 7-17","GS-4, L",3.1,12,12,12,0,2,3,0,4,0,1,0,23,15,P
503,Davis Martin,2025-05-31,28-147,CHW,@,BAL,"L, 2-4","GS-6, L",6.0,5,4,4,0,2,1,0,3,0,0,0,23,6,P
504,Phil Maton,2025-05-31,32-067,STL,@,TEX,"W, 2-0","8-8, H",1.0,0,0,0,0,0,1,0,0,0,0,0,3,1,P
505,Yuki Matsui,2025-05-31,29-213,SDP,,PIT,"L, 0-5",7-7,0.0,4,2,2,0,0,0,0,0,0,0,0,4,4,P
506,Scott McGough,2025-05-31,35-212,ARI,,WSN,"L, 7-11",1-2,1.0,3,3,3,0,0,3,0,1,1,0,0,10,7,P
507,Juan Mejia,2025-05-31,24-331,COL,@,NYM,"L, 2-8",8-GF(8),1.0,2,1,1,0,1,0,0,2,0,0,0,5,2,P
508,Mason Miller,2025-05-31,26-280,ATH,@,TOR,"L, 7-8",8-GF(8),1.0,0,0,0,0,0,0,0,1,0,0,0,3,0,P
509,Shelby Miller,2025-05-31,34-233,ARI,,WSN,"L, 7-11",9-GF,1.0,0,0,0,0,0,0,0,1,1,0,0,3,1,P
510,Bryce Miller,2025-05-31,26-281,SEA,,MIN,"W, 5-4 (11)",GS-4,4.0,5,3,3,0,1,1,0,2,1,0,0,19,7,P
511,Hoby Milner,2025-05-31,34-138,TEX,,STL,"L, 0-2",8-8,1.0,1,0,0,0,0,0,0,0,0,0,0,4,1,P
512,Rafael Montero,2025-05-31,34-226,ATL,,BOS,"W, 5-0",9-GF,1.0,0,0,0,0,0,0,0,0,0,0,0,3,0,P
513,Ryne Nelson,2025-05-31,27-119,ARI,,WSN,"L, 7-11",4-7,4.0,2,0,0,0,0,0,0,1,1,0,0,15,3,P
514,Héctor Neris,2025-05-31,35-351,LAA,@,CLE,"L, 5-7","6-6, H",0.1,0,0,0,0,0,0,0,0,0,0,0,1,0,P
515,Bailey Ober,2025-05-31,29-323,MIN,@,SEA,"L, 4-5 (11)",GS-5,4.0,6,2,2,0,1,1,0,4,0,0,0,19,7,P
516,Steven Okert,2025-05-31,33-326,HOU,,TBR,"L, 3-16",7-7,0.2,1,1,1,0,1,0,0,2,0,0,0,3,1,P
517,Kaleb Ort,2025-05-31,33-115,HOU,,TBR,"L, 3-16",7-7,0.1,4,5,5,0,1,1,0,0,0,0,0,6,5,P
518,Daniel Palencia,2025-05-31,25-115,CHC,,CIN,"W, 2-0","9-GF, S",1.0,0,0,0,0,0,0,0,1,0,0,0,3,0,P
519,Chad Patrick,2025-05-31,26-290,MIL,@,PHI,"W, 17-7","GS-6, W",6.0,5,2,2,0,1,0,0,6,0,0,0,23,5,P
520,Wandy Peralta,2025-05-31,33-308,SDP,,PIT,"L, 0-5",9-GF,1.0,1,0,0,0,0,0,0,1,0,0,0,4,1,P
521,Brandon Pfaadt,2025-05-31,26-228,ARI,,WSN,"L, 7-11","GS-1, L",0.0,6,8,8,0,0,0,0,0,2,0,0,8,8,P
522,Drew Pomeranz,2025-05-31,36-190,CHC,,CIN,"W, 2-0",GS-1,1.0,0,0,0,0,0,0,0,1,0,0,0,3,0,P
523,Robbie Ray,2025-05-31,33-242,SFG,@,MIA,"L, 0-1","GS-7, L",7.0,2,1,1,0,0,3,0,9,0,0,1,25,5,P
524,Pablo Reyes,2025-05-31,31-268,NYY,@,LAD,"L, 2-18",8-GF(8),1.0,5,3,3,0,1,0,0,0,0,0,0,8,5,P
525,Sean Reynolds,2025-05-31,27-042,SDP,,PIT,"L, 0-5",5-7,1.2,0,0,0,0,0,0,0,2,0,0,0,5,0,P
526,Lyon Richardson,2025-05-31,25-133,CIN,@,CHC,"L, 0-2",8-GF(8),0.1,0,0,0,0,0,0,0,0,0,0,0,1,0,P
527,Yariel Rodríguez,2025-05-31,28-082,TOR,,ATH,"W, 8-7","7-8, H",1.1,0,0,0,0,0,0,0,2,0,0,0,4,0,P
528,Randy Rodríguez,2025-05-31,25-268,SFG,@,MIA,"L, 0-1",8-GF(8),1.0,1,0,0,0,0,0,0,0,0,0,0,3,1,P
529,Bradgley Rodríguez,2025-05-31,21-196,SDP,,PIT,"L, 0-5",7-8,1.2,0,0,0,0,0,1,0,1,1,0,0,6,2,P
530,Ryan Rolison,2025-05-31,27-324,COL,@,NYM,"L, 2-8",5-6,2.0,1,0,0,0,0,2,0,2,0,0,1,8,3,P
531,Joe Ross,2025-05-31,32-010,PHI,,MIL,"L, 7-17",4-5,1.2,2,0,0,0,0,0,0,1,0,0,0,7,2,P
532,José Ruiz,2025-05-31,30-222,PHI,,MIL,"L, 7-17",6-6,1.0,5,5,5,0,1,0,0,0,0,0,0,8,5,P
533,Jackson Rutledge,2025-05-31,26-060,WSN,@,ARI,"W, 11-7",6-6,0.2,3,3,3,0,1,0,0,1,0,0,0,5,3,P
534,Cole Sands,2025-05-31,27-318,MIN,@,SEA,"L, 4-5 (11)","11-GF(11), L",0.1,0,1,0,1,0,0,0,0,0,0,0,2,0,P
535,Dennis Santana,2025-05-31,29-049,PIT,@,SDP,"W, 5-0",8-8,1.0,0,0,0,0,0,2,0,1,0,0,0,5,2,P
536,John Schreiber,2025-05-31,31-087,KCR,,DET,"W, 1-0","8-8, W",1.0,0,0,0,0,0,1,0,2,0,0,0,4,1,P
537,Spencer Schwellenbach,2025-05-31,25-000,ATL,,BOS,"W, 5-0","GS-7, W",6.1,5,0,0,0,0,0,0,11,0,0,0,24,5,P
538,Kodai Senga,2025-05-31,32-121,NYM,,COL,"W, 8-2","GS-7, W",6.1,2,2,2,0,1,2,0,7,0,0,0,23,4,P
539,Antonio Senzatela,2025-05-31,30-130,COL,@,NYM,"L, 2-8","GS-4, L",4.0,8,7,7,0,2,2,0,2,0,0,0,22,11,P
540,Tarik Skubal,2025-05-31,28-192,DET,@,KCR,"L, 0-1",GS-7,7.0,2,0,0,0,0,0,0,7,0,0,0,22,2,P
541,Cade Smith,2025-05-31,26-022,CLE,,LAA,"W, 7-5","8-8, H",1.0,0,0,0,0,0,0,0,2,0,0,0,3,0,P
542,Collin Snider,2025-05-31,29-233,SEA,,MIN,"W, 5-4 (11)","10-GF(11), W",2.0,2,0,0,0,0,1,0,1,0,0,0,7,3,P
543,Michael Soroka,2025-05-31,27-300,WSN,@,ARI,"W, 11-7","GS-6, W",5.1,6,4,4,0,1,1,0,3,0,0,0,23,7,P
544,Gabe Speier,2025-05-31,30-049,SEA,,MIN,"W, 5-4 (11)",5-6,1.2,1,0,0,0,0,0,0,4,0,0,0,6,1,P
545,Brock Stewart,2025-05-31,33-240,MIN,@,SEA,"L, 4-5 (11)","6-6, H",1.0,0,0,0,0,0,0,0,1,0,0,0,3,0,P
546,Chris Stratton,2025-05-31,34-282,LAD,,NYY,"W, 18-2",8-8,1.0,1,1,1,0,1,0,0,1,0,0,0,4,1,P
547,Justin Topa,2025-05-31,34-085,MIN,@,SEA,"L, 4-5 (11)",8-8,1.0,0,0,0,0,0,0,0,0,0,0,0,3,0,P
548,Carlos Vargas,2025-05-31,25-230,SEA,,MIN,"W, 5-4 (11)","9-9,BS",1.0,2,1,0,1,0,0,0,1,1,0,0,6,3,P
549,Louis Varland,2025-05-31,27-173,MIN,@,SEA,"L, 4-5 (11)",5-5,1.0,0,0,0,0,0,0,0,2,0,0,0,3,0,P
550,Victor Vodnik,2025-05-31,25-234,COL,@,NYM,"L, 2-8",7-7,1.0,0,0,0,0,0,0,0,1,0,0,0,3,0,P
551,Michael Wacha,2025-05-31,33-334,KCR,,DET,"W, 1-0",GS-7,7.0,1,0,0,0,0,1,0,6,0,0,0,23,2,P
552,Will Warren,2025-05-31,25-349,NYY,@,LAD,"L, 2-18","GS-2, L",1.1,6,7,7,0,1,4,0,2,0,0,0,14,10,P
553,Luke Weaver,2025-05-31,31-283,NYY,@,LAD,"L, 2-18",7-7,1.0,1,1,1,0,1,0,0,1,0,0,0,4,1,P
554,Jacob Webb,2025-05-31,31-289,TEX,,STL,"L, 0-2",9-GF,1.0,1,0,0,0,0,1,0,0,0,0,0,5,2,P
555,Forrest Whitley,2025-05-31,27-258,HOU,,TBR,"L, 3-16",8-GF,2.0,4,5,5,0,1,2,0,3,0,0,1,12,6,P
556,Devin Williams,2025-05-31,30-252,NYY,@,LAD,"L, 2-18",6-6,0.2,0,0,0,0,0,0,0,0,0,0,0,1,0,P
557,Weston Wilson,2025-05-31,30-262,PHI,,MIL,"L, 7-17",8-GF,2.0,2,0,0,0,0,0,0,0,0,0,0,8,2,P
558,Cole Winn,2025-05-31,25-187,TEX,,STL,"L, 0-2",6-7,1.2,0,0,0,0,0,1,0,2,0,0,0,6,1,P
559,Rob Zastryzny,2025-05-31,33-066,MIL,@,PHI,"W, 17-7",7-7,1.0,0,0,0,0,0,0,0,2,0,0,0,3,0,P
560,Ryan Zeferjahn,2025-05-31,27-092,LAA,@,CLE,"L, 5-7","7-7, BL",0.2,3,3,3,0,1,1,0,0,0,0,0,6,4,P
