Date,Home_Team,Away_Team,Home_SP,Away_SP,Predicted_Home,Predicted_Away,Predicted_Total,Actual_Total,Home_R,Away_R
2025-06-02,BOS,LAA,Hunter Dobbins,Tyler Anderson,1.41,1.74,3.15,13,6,7
2025-06-02,CHW,DET,Bryse Wilson,Jack Flaherty,1.37,2.96,4.33,14,1,13
2025-06-02,CIN,MIL,Brady Singer,Aaron Civale,1.62,4.02,5.64,5,2,3
2025-06-02,MIA,COL,Max Meyer,Germán Márquez,1.46,1.5,2.96,10,4,6
2025-06-02,ATH,MIN,Luis Severino,Joe Ryan,2.17,3.72,5.89,14,4,10
2025-06-02,SFG,SDP,Logan Webb,Stephen Kolek,1.18,1.33,2.51,1,0,1
2025-06-01,ARI,WSN,Corbin Burnes,Mitchell Parker,5.31,5.01,10.32,4,3,1
2025-06-01,ATL,BOS,Bryce Elder,Garrett Crochet,2.83,1.86,4.69,4,1,3
2025-06-01,BAL,CHW,Charlie Morton,Adrian Houser,3.55,2.48,6.03,5,3,2
2025-06-01,CHC,CIN,Jameson Taillon,Nick Martinez,2.67,1.05,3.72,10,7,3
2025-06-01,CLE,LAA,Gavin Williams,Jack Kochanowicz,5.84,1.33,7.17,6,4,2
2025-06-01,MIA,SFG,Ryan Weathers,Hayden Birdsong,3.13,0.85,3.98,6,2,4
2025-06-01,HOU,TBR,Hunter Brown,Taj Bradley,2.7,4.59,7.29,1,1,0
2025-06-01,KCR,DET,Kris Bubic,Keider Montero,3.96,1.18,5.14,1,0,1
2025-06-01,LAD,NYY,Yoshinobu Yamamoto,Ryan Yarbrough,4.56,1.72,6.28,10,3,7
2025-06-01,NYM,COL,Clay Holmes,Carson Palmquist,4.92,1.49,6.41,8,5,3
2025-06-01,PHI,MIL,Ranger Suárez,Jose Quintana,5.41,2.13,7.54,7,2,5
2025-06-01,SEA,MIN,Luis Castillo,Chris Paddack,2.05,2.36,4.41,3,2,1
2025-06-01,TEX,STL,Jacob deGrom,Erick Fedde,2.32,1.09,3.41,9,8,1
2025-06-01,TOR,ATH,Kevin Gausman,JP Sears,6.64,4.76,11.4,12,8,4
2025-05-31,ARI,WSN,Ryne Nelson,Michael Soroka,3.32,2.58,5.9,18,7,11
2025-05-31,ATL,BOS,Spencer Schwellenbach,Walker Buehler,3.22,1.84,5.06,5,5,0
2025-05-31,BAL,CHW,Dean Kremer,Davis Martin,1.82,3.72,5.54,6,4,2
2025-05-31,CHC,CIN,Ben Brown,Nick Lodolo,2.95,5.59,8.54,2,2,0
2025-05-31,CLE,LAA,Slade Cecconi,Kyle Hendricks,2.54,4.01,6.55,12,7,5
2025-05-31,MIA,SFG,Edward Cabrera,Robbie Ray,2.91,1.55,4.46,1,1,0
2025-05-31,HOU,TBR,Colton Gordon,Zack Littell,1.65,5.24,6.89,19,3,16
2025-05-31,KCR,DET,Michael Wacha,Tarik Skubal,1.97,4.13,6.1,1,1,0
2025-05-31,NYM,COL,Kodai Senga,Antonio Senzatela,4.18,2.36,6.54,10,8,2
2025-05-31,SDP,PIT,Dylan Cease,Bailey Falter,2.39,4.23,6.62,5,0,5
2025-05-31,SEA,MIN,Bryce Miller,Bailey Ober,3.06,6.06,9.12,9,5,4
2025-05-31,TEX,STL,Patrick Corbin,Sonny Gray,4.7,2.97,7.67,2,0,2
2025-05-31,TOR,ATH,Easton Lucas,Gunnar Hoglund,6.56,1.46,8.02,15,8,7
2025-05-30,ARI,WSN,Merrill Kelly,Jake Irvin,3.94,4.4,8.34,16,7,9
2025-05-30,ATL,BOS,Grant Holmes,Lucas Giolito,3.16,1.84,5.0,6,1,5
2025-05-30,BAL,CHW,Zach Eflin,Sean Burke,4.15,2.85,7.0,3,2,1
2025-05-30,CHC,CIN,Colin Rea,Andrew Abbott,1.6,3.89,5.49,8,2,6
2025-05-30,CLE,LAA,Luis Ortiz,José Soriano,2.72,0.96,3.68,5,1,4
2025-05-30,MIA,SFG,Cal Quantrill,Kyle Harrison,5.62,1.73,7.35,2,0,2
2025-05-30,HOU,TBR,Framber Valdez,Ryan Pepiot,2.83,3.96,6.79,3,2,1
2025-05-30,LAD,NYY,Tony Gonsolin,Max Fried,2.6,4.2,6.8,13,8,5
2025-05-30,NYM,COL,David Peterson,Kyle Freeland,3.03,2.88,5.91,6,4,2
2025-05-30,PHI,MIL,Taijuan Walker,Quinn Priester,1.45,4.68,6.13,8,2,6
2025-05-30,SDP,PIT,Nick Pivetta,Mitch Keller,2.59,4.98,7.57,5,3,2
2025-05-30,SEA,MIN,Bryan Woo,Zebby Matthews,5.41,1.0,6.41,18,6,12
2025-05-30,TEX,STL,Jack Leiter,Matthew Liberatore,1.47,2.53,4.0,12,11,1
2025-05-29,PHI,ATL,Zack Wheeler,Chris Sale,2.14,0.88,3.02,12,3,9
2025-05-29,HOU,TBR,Ryan Gusto,Shane Baz,5.08,3.49,8.57,16,3,13
2025-05-29,SEA,WSN,Emerson Hancock,MacKenzie Gore,2.78,4.57,7.35,12,3,9
2025-05-28,LAA,NYY,Yusei Kikuchi,Clarke Schmidt,1.31,3.36,4.67,1,0,1
2025-05-28,ARI,PIT,Zac Gallen,Paul Skenes,2.23,5.33,7.56,11,1,10
2025-05-28,BAL,STL,Cade Povich,Miles Mikolas,1.61,2.87,4.48,10,4,6
2025-05-28,CHC,COL,Matthew Boyd,Tanner Gordon,7.74,2.53,10.27,3,2,1
2025-05-28,DET,SFG,Jackson Jobe,Landen Roupp,1.78,1.25,3.03,7,4,3
2025-05-28,HOU,ATH,Lance McCullers Jr.,Luis Severino,4.97,2.96,7.93,8,5,3
2025-05-28,KCR,CIN,Noah Cameron,Hunter Greene,1.11,2.61,3.72,5,3,2
2025-05-28,MIL,BOS,Freddy Peralta,Brayan Bello,5.5,0.75,6.25,11,6,5
2025-05-28,NYM,CHW,Brandon Waddell,Shane Smith,2.11,4.67,6.78,13,4,9
2025-05-28,SDP,MIA,Kyle Hart,Sandy Alcantara,5.24,2.52,7.76,18,8,10
2025-05-28,SEA,WSN,George Kirby,Trevor Williams,3.9,2.03,5.93,9,0,9
2025-05-28,TBR,MIN,Drew Rasmussen,Pablo López,2.53,1.83,4.36,5,5,0
2025-05-27,LAA,NYY,Tyler Anderson,Carlos Rodón,1.21,4.83,6.04,5,2,3
2025-05-27,BAL,STL,Tomoyuki Sugano,Andre Pallante,2.91,2.22,5.13,11,4,7
2025-05-27,CHC,COL,Cade Horton,Germán Márquez,4.08,1.33,5.41,7,4,3
2025-05-27,CLE,LAD,Tanner Bibee,Dustin May,2.51,2.85,5.36,14,5,9
2025-05-27,DET,SFG,Jack Flaherty,Logan Webb,2.2,1.54,3.74,4,3,1
2025-05-27,NYM,CHW,Tylor Megill,Jonathan Cannon,3.17,4.65,7.82,10,6,4
2025-05-27,PHI,ATL,Ranger Suárez,Spencer Strider,7.75,1.59,9.34,2,2,0
2025-05-27,SEA,WSN,Logan Evans,Mitchell Parker,2.35,2.91,5.26,10,9,1
2025-05-27,TBR,MIN,Taj Bradley,Joe Ryan,4.71,2.43,7.14,6,2,4
2025-05-26,LAA,NYY,Jack Kochanowicz,Ryan Yarbrough,1.92,4.15,6.07,6,1,5
2025-05-26,ARI,PIT,Ryne Nelson,Andrew Heaney,2.85,3.01,5.86,5,5,0
2025-05-26,BAL,STL,Charlie Morton,Erick Fedde,1.72,1.92,3.64,7,5,2
2025-05-26,CHC,COL,Jameson Taillon,Carson Palmquist,9.5,1.86,11.36,4,3,1
2025-05-26,CLE,LAD,Gavin Williams,Yoshinobu Yamamoto,2.45,1.69,4.14,9,2,7
2025-05-26,DET,SFG,Keider Montero,Hayden Birdsong,2.21,1.92,4.13,4,3,1
2025-05-26,KCR,CIN,Michael Lorenzen,Nick Martinez,2.69,2.47,5.16,11,4,7
2025-05-26,MIL,BOS,Chad Patrick,Garrett Crochet,2.95,3.58,6.53,5,3,2
2025-05-26,NYM,CHW,Clay Holmes,Adrian Houser,11.62,2.82,14.44,3,2,1
2025-05-26,SDP,MIA,Randy Vásquez,Ryan Weathers,1.65,1.64,3.29,7,4,3
2025-05-26,TBR,MIN,Zack Littell,Chris Paddack,2.02,2.2,4.22,9,7,2
2025-05-26,TEX,TOR,Jacob deGrom,Kevin Gausman,3.11,1.55,4.66,3,1,2
2025-05-25,LAA,MIA,Kyle Hendricks,Edward Cabrera,3.95,3.96,7.91,3,0,3
2025-05-25,ATL,SDP,Spencer Schwellenbach,Dylan Cease,4.76,1.47,6.23,8,3,5
2025-05-25,BOS,BAL,Walker Buehler,Dean Kremer,4.02,2.52,6.54,6,1,5
2025-05-25,CHW,TEX,Davis Martin,Patrick Corbin,6.26,1.64,7.9,9,4,5
2025-05-25,CIN,CHC,Nick Lodolo,Ben Brown,4.35,5.5,9.85,19,8,11
2025-05-25,COL,NYY,Antonio Senzatela,Will Warren,1.5,5.89,7.39,9,4,5
2025-05-25,DET,CLE,Tarik Skubal,Logan Allen,1.58,5.38,6.96,5,5,0
2025-05-25,HOU,SEA,Colton Gordon,Luis Castillo,1.98,0.94,2.92,8,5,3
2025-05-25,MIN,KCR,Bailey Ober,Kris Bubic,1.19,1.76,2.95,3,1,2
2025-05-25,NYM,LAD,Kodai Senga,Landon Knack,4.6,1.71,6.31,4,3,1
2025-05-25,ATH,PHI,Gunnar Hoglund,Jesús Luzardo,1.99,5.82,7.81,9,5,4
2025-05-25,PIT,MIL,Bailey Falter,Logan Henderson,3.31,1.58,4.89,11,5,6
2025-05-25,STL,ARI,Sonny Gray,Brandon Pfaadt,3.25,2.7,5.95,7,4,3
2025-05-25,TBR,TOR,Ryan Pepiot,Chris Bassitt,2.7,1.12,3.82,13,13,0
2025-05-25,WSN,SFG,Michael Soroka,Robbie Ray,1.86,1.54,3.4,5,2,3
2025-05-24,CHW,TEX,Bryse Wilson,Jack Leiter,1.79,1.64,3.43,15,10,5
2025-05-24,CIN,CHC,Andrew Abbott,Colin Rea,2.14,4.23,6.37,10,6,4
2025-05-24,COL,NYY,Kyle Freeland,Max Fried,0.84,2.51,3.35,14,1,13
2025-05-24,DET,CLE,Casey Mize,Luis Ortiz,1.73,2.65,4.38,12,5,7
2025-05-24,HOU,SEA,Framber Valdez,Bryan Woo,2.7,2.8,5.5,3,2,1
2025-05-24,NYM,LAD,David Peterson,Tony Gonsolin,1.43,1.86,3.29,7,5,2
2025-05-24,ATH,PHI,Jeffrey Springs,Cristopher Sánchez,1.79,3.62,5.41,15,6,9
2025-05-24,PIT,MIL,Mitch Keller,Quinn Priester,2.56,2.69,5.25,3,2,1
2025-05-24,STL,ARI,Matthew Liberatore,Merrill Kelly,1.26,3.23,4.49,11,6,5
2025-05-24,TBR,TOR,Shane Baz,José Berríos,3.67,4.78,8.45,4,3,1
2025-05-23,BOS,BAL,Brayan Bello,Cade Povich,1.69,5.42,7.11,24,19,5
2025-05-23,LAA,MIA,Yusei Kikuchi,Sandy Alcantara,4.94,1.29,6.23,11,7,4
2025-05-23,ATL,SDP,Chris Sale,Nick Pivetta,4.48,0.81,5.29,3,1,2
2025-05-23,CHW,TEX,Sean Burke,Tyler Mahle,1.35,2.88,4.23,5,4,1
2025-05-23,CIN,CHC,Hunter Greene,Matthew Boyd,1.66,4.06,5.72,19,6,13
2025-05-23,COL,NYY,Tanner Gordon,Clarke Schmidt,1.88,1.2,3.08,5,3,2
2025-05-23,DET,CLE,Jackson Jobe,Slade Cecconi,1.53,4.15,5.68,4,1,3
2025-05-23,HOU,SEA,Ryan Gusto,Emerson Hancock,4.36,0.99,5.35,8,3,5
2025-05-23,MIN,KCR,Pablo López,Noah Cameron,3.3,2.68,5.98,4,3,1
2025-05-23,PIT,MIL,Paul Skenes,Freddy Peralta,2.75,2.46,5.21,11,6,5
2025-05-23,STL,ARI,Miles Mikolas,Zac Gallen,5.15,3.97,9.12,7,4,3
2025-05-23,TBR,TOR,Drew Rasmussen,Eric Lauer,2.14,5.12,7.26,4,3,1
2025-05-23,WSN,SFG,MacKenzie Gore,Landen Roupp,2.62,2.0,4.62,4,0,4
2025-05-22,COL,PHI,Germán Márquez,Ranger Suárez,3.16,4.32,7.48,2,0,2
2025-05-22,DET,CLE,Jack Flaherty,Tanner Bibee,3.02,3.27,6.29,7,0,7
2025-05-22,NYY,TEX,Carlos Rodón,Nathan Eovaldi,2.49,2.02,4.51,1,1,0
2025-05-22,ATH,LAA,Luis Severino,Tyler Anderson,3.08,6.36,9.44,15,5,10
2025-05-22,TOR,SDP,Bowden Francis,Stephen Kolek,4.25,1.13,5.38,13,7,6
2025-05-21,BOS,NYM,Garrett Crochet,Tylor Megill,2.15,0.78,2.93,6,1,5
2025-05-21,CHW,SEA,Shane Smith,Logan Evans,0.83,1.11,1.94,11,5,6
2025-05-21,COL,PHI,Carson Palmquist,Taijuan Walker,2.49,11.07,13.56,14,5,9
2025-05-21,MIA,CHC,Max Meyer,Cade Horton,5.24,4.57,9.81,3,1,2
2025-05-21,LAD,ARI,Dustin May,Corbin Burnes,1.64,2.89,4.53,4,3,1
2025-05-21,MIL,BAL,Chad Patrick,Tomoyuki Sugano,2.74,2.16,4.9,12,4,8
2025-05-21,MIN,CLE,Chris Paddack,Gavin Williams,4.93,2.79,7.72,6,1,5
2025-05-21,NYY,TEX,Ryan Yarbrough,Jacob deGrom,3.68,1.61,5.29,7,4,3
2025-05-21,ATH,LAA,JP Sears,Jack Kochanowicz,1.36,3.62,4.98,15,5,10
2025-05-21,PIT,CIN,Andrew Heaney,Brady Singer,1.27,1.36,2.63,4,3,1
2025-05-21,TBR,HOU,Taj Bradley,Hunter Brown,2.51,2.77,5.28,12,8,4
2025-05-21,TOR,SDP,Kevin Gausman,Randy Vásquez,2.85,1.06,3.91,14,14,0
2025-05-20,COL,PHI,Antonio Senzatela,Jesús Luzardo,3.64,5.73,9.37,11,4,7
2025-05-20,MIA,CHC,Ryan Weathers,Jameson Taillon,2.37,13.32,15.69,15,1,14
2025-05-20,LAD,ARI,Yoshinobu Yamamoto,Ryne Nelson,2.76,6.09,8.85,7,4,3
2025-05-20,NYY,TEX,Will Warren,Patrick Corbin,3.87,2.09,5.96,7,5,2
2025-05-20,ATH,LAA,Gunnar Hoglund,Kyle Hendricks,1.48,4.29,5.77,12,5,7
2025-05-20,PIT,CIN,Bailey Falter,Nick Martinez,1.27,3.16,4.43,1,1,0
2025-05-20,STL,DET,Erick Fedde,Tarik Skubal,4.65,2.04,6.69,9,4,5
2025-05-20,TOR,SDP,Chris Bassitt,Dylan Cease,2.74,2.29,5.03,3,3,0
2025-05-20,WSN,ATL,Mitchell Parker,Spencer Strider,9.29,3.88,13.17,8,5,3
2025-05-19,BOS,NYM,Hunter Dobbins,Kodai Senga,4.57,3.09,7.66,4,3,1
2025-05-19,CHW,SEA,Davis Martin,Luis Castillo,1.45,5.29,6.74,6,1,5
2025-05-19,COL,PHI,Kyle Freeland,Cristopher Sánchez,2.28,3.96,6.24,12,3,9
2025-05-19,MIA,CHC,Edward Cabrera,Ben Brown,2.15,4.79,6.94,15,8,7
2025-05-19,LAD,ARI,Landon Knack,Brandon Pfaadt,4.27,4.43,8.7,14,5,9
2025-05-19,MIL,BAL,Quinn Priester,Dean Kremer,2.51,3.4,5.91,9,5,4
2025-05-19,ATH,LAA,J.T. Ginn,José Soriano,2.15,6.08,8.23,7,3,4
2025-05-19,PIT,CIN,Mitch Keller,Nick Lodolo,2.03,2.32,4.35,8,1,7
2025-05-19,SFG,KCR,Robbie Ray,Kris Bubic,1.62,1.31,2.93,4,1,3
2025-05-19,STL,DET,Sonny Gray,Keider Montero,1.67,2.12,3.79,15,11,4
2025-05-19,TBR,HOU,Ryan Pepiot,Colton Gordon,2.43,2.17,4.6,7,3,4
2025-05-18,ARI,COL,Merrill Kelly,Chase Dollander,4.61,2.91,7.52,1,1,0
2025-05-18,BAL,WSN,Zach Eflin,Michael Soroka,2.59,4.84,7.43,14,4,10
2025-05-18,BOS,ATL,Brayan Bello,Spencer Schwellenbach,4.31,1.71,6.02,14,4,10
2025-05-18,CHC,CHW,Colin Rea,Jonathan Cannon,3.54,1.63,5.17,8,6,2
2025-05-18,CIN,CLE,Andrew Abbott,Luis Ortiz,3.17,1.55,4.72,4,3,1
2025-05-18,MIA,TBR,Cal Quantrill,Shane Baz,2.6,4.53,7.13,6,5,1
2025-05-18,KCR,STL,Michael Wacha,Matthew Liberatore,1.04,1.92,2.96,3,2,1
2025-05-18,LAD,LAA,Tony Gonsolin,Yusei Kikuchi,4.84,3.06,7.9,10,4,6
2025-05-18,NYY,NYM,Max Fried,David Peterson,1.19,1.47,2.66,10,8,2
2025-05-18,SDP,SEA,Michael King,Bryan Woo,1.59,1.82,3.41,7,1,6
2025-05-18,SFG,ATH,Justin Verlander,Jeffrey Springs,2.44,1.35,3.79,5,3,2
2025-05-18,TEX,HOU,Jack Leiter,Framber Valdez,2.5,1.68,4.18,7,3,4
2025-05-18,TOR,DET,José Berríos,Jackson Jobe,2.55,2.82,5.37,5,2,3
2025-05-17,BAL,WSN,Charlie Morton,Jake Irvin,1.48,2.97,4.45,16,6,10
2025-05-17,BOS,ATL,Lucas Giolito,Grant Holmes,3.86,3.46,7.32,13,7,6
2025-05-17,CHC,CHW,Matthew Boyd,Sean Burke,4.31,1.33,5.64,10,7,3
2025-05-17,MIA,TBR,Sandy Alcantara,Drew Rasmussen,6.27,2.67,8.94,4,0,4
2025-05-17,KCR,STL,Noah Cameron,Miles Mikolas,1.67,14.21,15.88,1,0,1
2025-05-17,MIL,MIN,Tobias Myers,Pablo López,2.1,2.3,4.4,7,0,7
2025-05-17,NYY,NYM,Clarke Schmidt,Griffin Canning,1.6,1.05,2.65,5,2,3
2025-05-17,SDP,SEA,Nick Pivetta,Emerson Hancock,3.4,3.0,6.4,5,1,4
2025-05-17,SFG,ATH,Landen Roupp,Luis Severino,6.66,2.09,8.75,1,1,0
2025-05-17,TEX,HOU,Tyler Mahle,Ronel Blanco,1.88,2.61,4.49,6,5,1
2025-05-16,BAL,WSN,Cade Povich,MacKenzie Gore,2.92,2.28,5.2,7,3,4
2025-05-16,BOS,ATL,Garrett Crochet,Chris Sale,3.44,2.18,5.62,6,2,4
2025-05-16,CHC,CHW,Cade Horton,Shane Smith,2.1,1.12,3.22,16,13,3
2025-05-16,CIN,CLE,Brady Singer,Tanner Bibee,2.54,2.72,5.26,9,5,4
2025-05-16,MIA,TBR,Max Meyer,Taj Bradley,2.11,4.99,7.1,13,9,4
2025-05-16,KCR,STL,Cole Ragans,Andre Pallante,1.81,5.63,7.44,13,3,10
2025-05-16,LAD,LAA,Dustin May,Jack Kochanowicz,4.51,2.26,6.77,8,2,6
2025-05-16,MIL,MIN,Chad Patrick,Joe Ryan,0.86,3.64,4.5,3,0,3
2025-05-16,PHI,PIT,Ranger Suárez,Andrew Heaney,2.34,1.49,3.83,12,8,4
2025-05-16,SDP,SEA,Stephen Kolek,Logan Evans,4.64,1.65,6.29,6,1,5
2025-05-16,SFG,ATH,Logan Webb,JP Sears,4.26,3.88,8.14,10,9,1
2025-05-16,TEX,HOU,Nathan Eovaldi,Lance McCullers Jr.,4.65,0.77,5.42,9,3,6
2025-05-16,TOR,DET,Bowden Francis,Jack Flaherty,5.11,5.2,10.31,9,4,5
2025-05-15,ATL,WSN,AJ Smith-Shawver,Trevor Williams,3.31,2.53,5.84,7,5,2
2025-05-15,BAL,MIN,Tomoyuki Sugano,Chris Paddack,2.06,2.45,4.51,4,0,4
2025-05-15,CIN,CHW,Nick Martinez,Bryse Wilson,1.11,2.58,3.69,8,7,1
2025-05-15,TEX,HOU,Jacob deGrom,Hunter Brown,2.06,1.79,3.85,1,1,0
2025-05-15,TOR,TBR,Kevin Gausman,Zack Littell,3.47,3.13,6.6,11,3,8
2025-05-14,BAL,MIN,Dean Kremer,Simeon Woods Richardson,2.05,2.22,4.27,14,6,8
2025-05-14,PHI,STL,Jesús Luzardo,Erick Fedde,2.47,3.03,5.5,21,7,14
2025-05-14,ATL,WSN,Bryce Elder,Mitchell Parker,3.82,1.94,5.76,9,4,5
2025-05-14,CIN,CHW,Nick Lodolo,Davis Martin,3.46,1.62,5.08,6,2,4
2025-05-14,CLE,MIL,Gavin Williams,Logan Henderson,1.66,1.0,2.66,14,5,9
2025-05-14,DET,BOS,Tarik Skubal,Hunter Dobbins,2.19,3.6,5.79,11,6,5
2025-05-14,LAD,ATH,Yoshinobu Yamamoto,Gunnar Hoglund,1.52,2.91,4.43,12,9,3
2025-05-14,NYM,PIT,Clay Holmes,Bailey Falter,2.94,1.29,4.23,4,0,4
2025-05-14,SDP,LAA,Randy Vásquez,Kyle Hendricks,4.7,6.34,11.04,6,5,1
2025-05-14,SEA,NYY,Luis Castillo,Will Warren,2.2,2.69,4.89,5,2,3
2025-05-14,TEX,COL,Patrick Corbin,Antonio Senzatela,4.04,1.44,5.48,11,8,3
2025-05-14,TOR,TBR,Chris Bassitt,Ryan Pepiot,2.9,3.92,6.82,4,3,1
2025-05-13,ATL,WSN,Spencer Schwellenbach,Michael Soroka,1.82,2.98,4.8,7,5,2
2025-05-13,CHC,MIA,Ben Brown,Valente Bellozo,4.1,1.62,5.72,9,5,4
2025-05-13,CIN,CHW,Andrew Abbott,Jonathan Cannon,2.31,3.05,5.36,6,1,5
2025-05-13,CLE,MIL,Logan Allen,Quinn Priester,3.04,1.73,4.77,2,2,0
2025-05-13,HOU,KCR,Framber Valdez,Kris Bubic,2.46,1.33,3.79,3,2,1
2025-05-13,LAD,ATH,Landon Knack,Jeffrey Springs,4.5,4.42,8.92,12,1,11
2025-05-13,NYM,PIT,Kodai Senga,Mitch Keller,5.23,0.79,6.02,3,2,1
2025-05-13,SDP,LAA,Dylan Cease,José Soriano,4.42,3.26,7.68,10,6,4
2025-05-13,SEA,NYY,Bryan Woo,Max Fried,0.79,4.72,5.51,3,2,1
2025-05-13,SFG,ARI,Robbie Ray,Brandon Pfaadt,2.97,1.58,4.55,16,10,6
2025-05-13,TEX,COL,Jack Leiter,Kyle Freeland,5.25,1.82,7.07,5,4,1
2025-05-13,TOR,TBR,José Berríos,Shane Baz,4.58,1.66,6.24,20,9,11
2025-05-12,ATL,WSN,Grant Holmes,Jake Irvin,2.6,1.5,4.1,7,4,3
2025-05-12,CHC,MIA,Colin Rea,Cal Quantrill,1.36,2.96,4.32,7,5,2
2025-05-12,DET,BOS,Jackson Jobe,Sean Newcomb,1.56,3.7,5.26,16,14,2
2025-05-12,NYM,PIT,David Peterson,Paul Skenes,5.3,2.14,7.44,7,4,3
2025-05-12,PHI,STL,Cristopher Sánchez,Matthew Liberatore,1.14,2.9,4.04,5,2,3
2025-05-12,SDP,LAA,Michael King,Yusei Kikuchi,5.16,1.7,6.86,14,5,9
2025-05-12,SEA,NYY,Emerson Hancock,Clarke Schmidt,1.64,4.27,5.91,16,5,11
2025-05-12,SFG,ARI,Justin Verlander,Merrill Kelly,2.92,4.42,7.34,3,1,2
2025-05-12,TEX,COL,Tyler Mahle,Chase Dollander,4.65,4.21,8.86,3,2,1
2025-05-11,LAA,BAL,Tyler Anderson,Zach Eflin,1.29,2.13,3.42,10,3,7
2025-05-11,ARI,LAD,Zac Gallen,Tony Gonsolin,9.17,1.86,11.03,9,1,8
2025-05-11,CHW,MIA,Sean Burke,Sandy Alcantara,1.82,3.13,4.95,6,4,2
2025-05-11,CLE,PHI,Luis Ortiz,Zack Wheeler,2.84,4.74,7.58,3,0,3
2025-05-11,COL,SDP,Germán Márquez,Nick Pivetta,1.37,4.93,6.3,12,9,3
2025-05-11,DET,TEX,Reese Olson,Nathan Eovaldi,1.79,2.24,4.03,7,1,6
2025-05-11,KCR,BOS,Seth Lugo,Lucas Giolito,4.76,1.75,6.51,4,1,3
2025-05-11,MIN,SFG,Pablo López,Landen Roupp,2.84,0.65,3.49,13,7,6
2025-05-11,NYM,CHC,Griffin Canning,Matthew Boyd,4.31,1.52,5.83,8,6,2
2025-05-11,ATH,NYY,Luis Severino,Ryan Yarbrough,4.41,4.61,9.02,14,2,12
2025-05-11,PIT,ATL,Carmen Mlodzinski,Chris Sale,1.88,1.85,3.73,7,4,3
2025-05-11,SEA,TOR,Bryce Miller,Eric Lauer,5.67,3.86,9.53,10,1,9
2025-05-11,TBR,MIL,Drew Rasmussen,Chad Patrick,3.14,2.03,5.17,6,2,4
2025-05-11,WSN,STL,MacKenzie Gore,Miles Mikolas,1.75,2.26,4.01,7,1,6
2025-05-10,LAA,BAL,Jack Kochanowicz,Kyle Gibson,2.11,1.88,3.99,7,5,2
2025-05-10,ARI,LAD,Corbin Burnes,Dustin May,5.34,3.27,8.61,3,3,0
2025-05-10,CHW,MIA,Shane Smith,Edward Cabrera,3.14,3.01,6.15,4,1,3
2025-05-10,CLE,PHI,Tanner Bibee,Ranger Suárez,12.97,1.53,14.5,8,1,7
2025-05-10,COL,SDP,Bradley Blalock,Stephen Kolek,5.56,3.1,8.66,21,0,21
2025-05-10,KCR,BOS,Cole Ragans,Garrett Crochet,3.25,2.33,5.58,11,1,10
2025-05-10,MIN,SFG,Joe Ryan,Logan Webb,3.45,3.35,6.8,3,2,1
2025-05-10,ATH,NYY,JP Sears,Carlos Rodón,1.22,3.81,5.03,18,11,7
2025-05-10,PIT,ATL,Andrew Heaney,AJ Smith-Shawver,1.66,3.14,4.8,5,2,3
2025-05-10,SEA,TOR,Logan Evans,Bowden Francis,3.83,9.28,13.11,9,3,6
2025-05-10,TBR,MIL,Taj Bradley,Tobias Myers,1.47,1.91,3.38,5,3,2
2025-05-10,WSN,STL,Trevor Williams,Andre Pallante,4.37,5.74,10.11,6,2,4
2025-05-09,LAA,BAL,Kyle Hendricks,Tomoyuki Sugano,4.8,3.2,8.0,5,1,4
2025-05-09,CHW,MIA,Bryse Wilson,Max Meyer,3.17,3.62,6.79,8,6,2
2025-05-09,CLE,PHI,Gavin Williams,Aaron Nola,2.88,5.07,7.95,6,6,0
2025-05-09,COL,SDP,Antonio Senzatela,Randy Vásquez,3.45,3.36,6.81,22,9,13
2025-05-09,DET,TEX,Tarik Skubal,Patrick Corbin,5.97,1.62,7.59,3,2,1
2025-05-09,HOU,CIN,Hunter Brown,Nick Martinez,4.01,1.36,5.37,3,3,0
2025-05-09,KCR,BOS,Michael Lorenzen,Hunter Dobbins,3.92,2.08,6.0,3,2,1
2025-05-09,MIN,SFG,Chris Paddack,Jordan Hicks,4.87,4.4,9.27,4,3,1
2025-05-09,NYM,CHC,Clay Holmes,Jameson Taillon,2.11,1.83,3.94,9,7,2
2025-05-09,ATH,NYY,Osvaldo Bido,Will Warren,6.07,6.71,12.78,12,2,10
2025-05-09,PIT,ATL,Bailey Falter,Bryce Elder,1.98,2.61,4.59,5,3,2
2025-05-09,SEA,TOR,Luis Castillo,Kevin Gausman,4.1,2.73,6.83,9,3,6
2025-05-09,TBR,MIL,Zack Littell,Jose Quintana,3.41,2.0,5.41,7,4,3
2025-05-09,WSN,STL,Mitchell Parker,Erick Fedde,4.62,4.34,8.96,10,0,10
2025-05-08,LAA,TOR,José Soriano,Chris Bassitt,4.73,3.98,8.71,13,5,8
2025-05-08,ARI,LAD,Brandon Pfaadt,Yoshinobu Yamamoto,0.87,6.15,7.02,8,5,3
2025-05-08,ATL,CIN,Spencer Schwellenbach,Nick Lodolo,1.21,1.48,2.69,9,5,4
2025-05-08,BOS,TEX,Brayan Bello,Jack Leiter,2.88,2.81,5.69,5,5,0
2025-05-08,KCR,CHW,Kris Bubic,Davis Martin,1.7,1.07,2.77,10,10,0
2025-05-08,MIN,BAL,Bailey Ober,Dean Kremer,4.25,0.88,5.13,7,5,2
2025-05-08,TBR,PHI,Ryan Pepiot,Jesús Luzardo,1.57,2.69,4.26,13,6,7
2025-05-07,LAA,TOR,Yusei Kikuchi,José Berríos,2.29,2.96,5.25,9,5,4
2025-05-07,ARI,NYM,Merrill Kelly,Kodai Senga,3.81,1.19,5.0,8,1,7
2025-05-07,BOS,TEX,Tanner Houck,Tyler Mahle,1.58,4.11,5.69,10,6,4
2025-05-07,CHC,SFG,Ben Brown,Robbie Ray,1.98,4.87,6.85,4,1,3
2025-05-07,MIA,LAD,Valente Bellozo,Landon Knack,2.45,3.96,6.41,11,1,10
2025-05-07,KCR,CHW,Michael Wacha,Jonathan Cannon,5.83,1.71,7.54,3,2,1
2025-05-07,MIL,HOU,Quinn Priester,Framber Valdez,3.25,1.49,4.74,10,1,9
2025-05-07,MIN,BAL,Simeon Woods Richardson,Charlie Morton,6.69,1.1,7.79,7,5,2
2025-05-07,NYY,SDP,Max Fried,Dylan Cease,6.55,1.84,8.39,7,4,3
2025-05-07,ATH,SEA,Gunnar Hoglund,Bryan Woo,2.94,4.9,7.84,11,5,6
2025-05-07,STL,PIT,Sonny Gray,Mitch Keller,3.11,1.21,4.32,5,5,0
2025-05-07,WSN,CLE,Michael Soroka,Logan Allen,4.27,12.77,17.04,14,6,8
2025-05-06,WSN,CLE,Brad Lord,Luis Ortiz,3.62,3.19,6.81,10,1,9
2025-05-06,ARI,NYM,Zac Gallen,David Peterson,5.51,4.01,9.52,6,5,1
2025-05-06,ATL,CIN,Chris Sale,Andrew Abbott,3.31,0.93,4.24,3,2,1
2025-05-06,BOS,TEX,Lucas Giolito,Nathan Eovaldi,1.38,5.93,7.31,7,1,6
2025-05-06,CHC,SFG,Colin Rea,Justin Verlander,2.97,2.4,5.37,19,5,14
2025-05-06,MIA,LAD,Cal Quantrill,Tony Gonsolin,6.49,4.87,11.36,9,5,4
2025-05-06,KCR,CHW,Seth Lugo,Sean Burke,3.08,1.01,4.09,7,4,3
2025-05-06,MIL,HOU,Chad Patrick,Hayden Wesneski,2.72,2.74,5.46,7,4,3
2025-05-06,MIN,BAL,Pablo López,Cade Povich,3.93,1.64,5.57,10,9,1
2025-05-06,NYY,SDP,Clarke Schmidt,Michael King,1.46,5.31,6.77,15,12,3
2025-05-06,ATH,SEA,Jeffrey Springs,Emerson Hancock,4.28,1.51,5.79,8,3,5
2025-05-06,STL,PIT,Matthew Liberatore,Paul Skenes,3.58,0.82,4.4,3,2,1
2025-05-06,TBR,PHI,Drew Rasmussen,Zack Wheeler,1.59,5.42,7.01,12,4,8
2025-05-05,ATL,CIN,AJ Smith-Shawver,Brady Singer,2.52,3.77,6.29,4,4,0
2025-05-05,CHC,SFG,Matthew Boyd,Landen Roupp,4.96,6.56,11.52,11,9,2
2025-05-05,MIA,LAD,Sandy Alcantara,Ben Casparius,1.69,3.27,4.96,11,4,7
2025-05-05,KCR,CHW,Cole Ragans,Shane Smith,4.84,3.72,8.56,3,3,0
2025-05-05,MIL,HOU,Tobias Myers,Ronel Blanco,2.1,6.54,8.64,6,5,1
2025-05-05,NYY,SDP,Carlos Rodón,Nick Pivetta,0.89,2.3,3.19,7,3,4
2025-05-05,ATH,SEA,Luis Severino,Bryce Miller,4.15,2.87,7.02,13,7,6
2025-05-05,STL,PIT,Miles Mikolas,Carmen Mlodzinski,3.78,3.21,6.99,9,6,3
2025-05-04,STL,NYM,Erick Fedde,Tylor Megill,2.06,5.1,7.16,9,5,4
2025-05-04,LAA,DET,Jack Kochanowicz,Reese Olson,0.79,4.66,5.45,14,1,13
2025-05-04,ATL,LAD,Bryce Elder,Dustin May,1.52,6.47,7.99,7,4,3
2025-05-04,BAL,KCR,Kyle Gibson,Michael Lorenzen,1.55,9.85,11.4,17,6,11
2025-05-04,BOS,MIN,Garrett Crochet,Chris Paddack,3.2,1.07,4.27,9,4,5
2025-05-04,CIN,WSN,Nick Martinez,MacKenzie Gore,4.15,5.77,9.92,5,1,4
2025-05-04,MIA,ATH,Edward Cabrera,JP Sears,3.04,4.27,7.31,5,2,3
2025-05-04,MIL,CHC,Freddy Peralta,Shota Imanaga,1.48,2.88,4.36,4,4,0
2025-05-04,NYY,TBR,Will Warren,Taj Bradley,1.97,2.4,4.37,12,5,7
2025-05-04,SFG,COL,Logan Webb,Germán Márquez,5.26,1.55,6.81,12,9,3
2025-05-04,TEX,SEA,Jacob deGrom,Logan Evans,0.84,2.52,3.36,9,8,1
2025-05-04,TOR,CLE,Bowden Francis,Tanner Bibee,2.92,2.66,5.58,9,4,5
2025-05-03,LAA,DET,Kyle Hendricks,Jack Flaherty,1.59,5.36,6.95,7,5,2
2025-05-03,ATL,LAD,Spencer Schwellenbach,Roki Sasaki,2.01,4.13,6.14,13,3,10
2025-05-03,BAL,KCR,Tomoyuki Sugano,Kris Bubic,2.54,1.01,3.55,4,0,4
2025-05-03,BOS,MIN,Hunter Dobbins,Bailey Ober,2.96,1.11,4.07,7,3,4
2025-05-03,CHW,HOU,Davis Martin,Hunter Brown,3.83,2.47,6.3,11,3,8
2025-05-03,CIN,WSN,Nick Lodolo,Trevor Williams,4.05,1.43,5.48,17,6,11
2025-05-03,MIA,ATH,Max Meyer,Osvaldo Bido,1.85,4.07,5.92,15,9,6
2025-05-03,MIL,CHC,Jose Quintana,Jameson Taillon,0.9,2.83,3.73,8,2,6
2025-05-03,NYY,TBR,Ryan Yarbrough,Zack Littell,3.5,1.43,4.93,5,2,3
2025-05-03,PHI,ARI,Aaron Nola,Brandon Pfaadt,4.09,1.5,5.59,9,7,2
2025-05-03,PIT,SDP,Bailey Falter,Randy Vásquez,3.07,5.63,8.7,3,1,2
2025-05-03,SFG,COL,Jordan Hicks,Bradley Blalock,1.39,1.97,3.36,9,6,3
2025-05-03,TEX,SEA,Patrick Corbin,Luis Castillo,1.63,5.77,7.4,3,1,2
2025-05-03,TOR,CLE,Kevin Gausman,Gavin Williams,5.83,1.03,6.86,8,3,5
2025-05-02,LAA,DET,José Soriano,Tarik Skubal,1.63,4.86,6.49,10,1,9
2025-05-02,ATL,LAD,Grant Holmes,Yoshinobu Yamamoto,3.36,3.47,6.83,3,1,2
2025-05-02,BAL,KCR,Dean Kremer,Michael Wacha,1.87,3.79,5.66,3,3,0
2025-05-02,BOS,MIN,Brayan Bello,Joe Ryan,3.72,2.23,5.95,7,6,1
2025-05-02,CHW,HOU,Jonathan Cannon,Framber Valdez,3.6,3.47,7.07,10,7,3
2025-05-02,CIN,WSN,Hunter Greene,Mitchell Parker,1.62,2.28,3.9,7,6,1
2025-05-02,MIL,CHC,Quinn Priester,Ben Brown,2.99,6.28,9.27,10,0,10
2025-05-02,NYY,TBR,Max Fried,Ryan Pepiot,3.94,0.65,4.59,3,3,0
2025-05-02,PHI,ARI,Jesús Luzardo,Merrill Kelly,2.86,0.95,3.81,5,3,2
2025-05-02,PIT,SDP,Mitch Keller,Dylan Cease,2.48,4.77,7.25,13,4,9
2025-05-02,SFG,COL,Robbie Ray,Antonio Senzatela,1.52,3.02,4.54,4,4,0
2025-05-02,STL,NYM,Sonny Gray,Clay Holmes,3.63,3.84,7.47,12,3,9
2025-05-02,TEX,SEA,Jack Leiter,Bryan Woo,2.34,8.99,11.33,14,1,13
2025-05-02,TOR,CLE,Chris Bassitt,Logan Allen,4.59,1.64,6.23,8,5,3
2025-05-01,LAA,DET,Yusei Kikuchi,Casey Mize,1.83,4.82,6.65,14,4,10
2025-05-01,CHW,MIL,Sean Burke,Chad Patrick,2.59,4.52,7.11,8,8,0
2025-05-01,CLE,MIN,Ben Lively,Simeon Woods Richardson,1.92,5.16,7.08,7,4,3
2025-05-01,NYM,ARI,Kodai Senga,Zac Gallen,5.24,3.82,9.06,6,2,4
2025-05-01,PHI,WSN,Taijuan Walker,Brad Lord,6.3,2.61,8.91,6,2,4
2025-05-01,PIT,CHC,Paul Skenes,Colin Rea,2.18,2.05,4.23,11,3,8
2025-05-01,SFG,COL,Justin Verlander,Kyle Freeland,1.69,2.13,3.82,7,3,4
2025-05-01,TBR,KCR,Shane Baz,Seth Lugo,1.17,2.15,3.32,10,2,8
2025-05-01,TEX,ATH,Tyler Mahle,Jeffrey Springs,4.52,2.99,7.51,3,0,3
2025-05-01,TOR,BOS,José Berríos,Tanner Houck,3.75,6.62,10.37,6,4,2
2025-04-30,CIN,STL,Brady Singer,Miles Mikolas,3.26,1.14,4.4,10,1,9
2025-04-30,CLE,MIN,Luis Ortiz,Pablo López,1.91,3.74,5.65,6,4,2
2025-04-30,COL,ATL,Chase Dollander,Chris Sale,1.6,4.73,6.33,3,2,1
2025-04-30,PHI,WSN,Cristopher Sánchez,Jake Irvin,4.16,3.48,7.64,9,7,2
2025-04-30,PIT,CHC,Carmen Mlodzinski,Matthew Boyd,1.36,5.09,6.45,7,4,3
2025-04-30,SDP,SFG,Michael King,Landen Roupp,3.78,1.58,5.36,8,5,3
2025-04-30,SEA,LAA,Emerson Hancock,Tyler Anderson,5.08,3.36,8.44,12,9,3
2025-04-30,TEX,ATH,Nathan Eovaldi,Luis Severino,4.56,1.52,6.08,8,1,7
2025-04-29,CLE,MIN,Tanner Bibee,Chris Paddack,1.08,6.31,7.39,3,2,1
2025-04-29,COL,ATL,Germán Márquez,AJ Smith-Shawver,1.57,4.8,6.37,10,2,8
2025-04-29,HOU,DET,Ryan Gusto,Reese Olson,2.36,3.81,6.17,10,6,4
2025-04-29,NYM,ARI,David Peterson,Eduardo Rodríguez,4.08,3.93,8.01,11,8,3
2025-04-29,PHI,WSN,Zack Wheeler,MacKenzie Gore,4.58,2.49,7.07,13,7,6
2025-04-29,PIT,CHC,Andrew Heaney,Shota Imanaga,2.46,2.15,4.61,9,0,9
2025-04-29,SDP,SFG,Nick Pivetta,Logan Webb,0.97,1.68,2.65,11,7,4
2025-04-29,SEA,LAA,Bryce Miller,Jack Kochanowicz,4.99,2.98,7.97,8,5,3
2025-04-29,TBR,KCR,Taj Bradley,Michael Lorenzen,3.47,1.7,5.17,4,1,3
2025-04-28,CIN,STL,Nick Martinez,Andre Pallante,4.13,1.72,5.85,4,3,1
2025-04-28,COL,ATL,Ryan Feltner,Bryce Elder,4.85,4.25,9.1,9,3,6
2025-04-28,HOU,DET,Ronel Blanco,Jack Flaherty,0.89,4.67,5.56,13,8,5
2025-04-28,LAD,MIA,Dustin May,Edward Cabrera,4.71,4.28,8.99,13,7,6
2025-04-28,TEX,ATH,Patrick Corbin,JP Sears,1.11,2.88,3.99,3,1,2
2025-04-28,WSN,NYM,Trevor Williams,Griffin Canning,4.88,3.02,7.9,24,5,19
2025-04-27,NYY,TOR,Max Fried,Chris Bassitt,2.74,3.16,5.9,6,5,1
2025-04-27,ARI,ATL,Brandon Pfaadt,Spencer Schwellenbach,3.49,4.03,7.52,10,6,4
2025-04-27,CHC,PHI,Jameson Taillon,Aaron Nola,5.72,2.81,8.53,4,1,3
2025-04-27,CLE,BOS,Logan Allen,Brayan Bello,1.36,1.19,2.55,16,3,13
2025-04-27,DET,BAL,Tarik Skubal,Dean Kremer,4.5,1.34,5.84,7,7,0
2025-04-27,KCR,HOU,Kris Bubic,Hunter Brown,0.96,0.26,1.22,10,3,7
2025-04-27,MIN,LAA,Joe Ryan,José Soriano,4.58,1.75,6.33,5,5,0
2025-04-27,ATH,CHW,Osvaldo Bido,Davis Martin,2.96,6.2,9.16,5,3,2
2025-04-27,SDP,TBR,Randy Vásquez,Zack Littell,1.34,1.85,3.19,6,2,4
2025-04-27,STL,MIL,Erick Fedde,Jose Quintana,1.76,1.88,3.64,8,1,7
2025-04-27,WSN,NYM,Mitchell Parker,Tylor Megill,0.72,0.82,1.54,15,8,7
2025-04-26,CLE,BOS,Ben Lively,Walker Buehler,1.58,3.21,4.79,10,3,7
2025-04-26,DET,BAL,Casey Mize,Brandon Young,4.14,1.5,5.64,8,6,2
2025-04-26,ARI,ATL,Merrill Kelly,Grant Holmes,1.7,4.19,5.89,15,7,8
2025-04-26,CHC,PHI,Ben Brown,Jesús Luzardo,4.75,0.83,5.58,14,4,10
2025-04-26,COL,CIN,Antonio Senzatela,Hunter Greene,2.34,4.3,6.64,10,4,6
2025-04-26,KCR,HOU,Michael Wacha,Framber Valdez,4.2,1.23,5.43,2,2,0
2025-04-26,LAD,PIT,Roki Sasaki,Mitch Keller,2.51,0.99,3.5,12,8,4
2025-04-26,ATH,CHW,Jeffrey Springs,Jonathan Cannon,6.01,4.08,10.09,13,3,10
2025-04-26,SDP,TBR,Dylan Cease,Ryan Pepiot,1.43,3.76,5.19,5,1,4
2025-04-26,SFG,TEX,Robbie Ray,Tyler Mahle,1.53,2.76,4.29,5,3,2
2025-04-26,STL,MIL,Sonny Gray,Quinn Priester,3.09,1.59,4.68,11,6,5
2025-04-26,WSN,NYM,Brad Lord,Clay Holmes,2.39,5.2,7.59,2,0,2
2025-04-25,ARI,ATL,Zac Gallen,Chris Sale,4.7,6.12,10.82,10,2,8
2025-04-25,COL,CIN,Kyle Freeland,Andrew Abbott,0.91,2.34,3.25,15,7,8
2025-04-25,KCR,HOU,Seth Lugo,Hayden Wesneski,3.61,3.68,7.29,2,2,0
2025-04-25,LAD,PIT,Yoshinobu Yamamoto,Paul Skenes,3.77,1.91,5.68,3,0,3
2025-04-25,NYY,TOR,Carlos Carrasco,José Berríos,1.52,1.42,2.94,6,2,4
2025-04-25,ATH,CHW,Luis Severino,Sean Burke,4.53,1.5,6.03,11,6,5
2025-04-25,SDP,TBR,Michael King,Shane Baz,1.16,2.83,3.99,1,0,1
2025-04-25,SFG,TEX,Justin Verlander,Nathan Eovaldi,2.97,2.66,5.63,2,0,2
2025-04-25,STL,MIL,Matthew Liberatore,Chad Patrick,2.44,4.46,6.9,5,3,2
2025-04-25,WSN,NYM,Jake Irvin,Kodai Senga,1.67,2.8,4.47,9,5,4
2025-04-24,KCR,COL,Michael Lorenzen,Germán Márquez,2.96,1.29,4.25,8,6,2
2025-04-24,LAA,PIT,Tyler Anderson,Carmen Mlodzinski,2.81,2.87,5.68,7,4,3
2025-04-24,ARI,TBR,Corbin Burnes,Drew Rasmussen,1.75,1.98,3.73,11,4,7
2025-04-24,BOS,SEA,Garrett Crochet,Bryan Woo,4.72,3.33,8.05,7,3,4
2025-04-24,MIN,CHW,Chris Paddack,Shane Smith,2.75,2.01,4.76,3,0,3
2025-04-24,ATH,TEX,J.T. Ginn,Jacob deGrom,2.15,1.74,3.89,7,4,3
2025-04-24,WSN,BAL,MacKenzie Gore,Cade Povich,4.26,1.91,6.17,3,1,2
2025-04-23,LAA,PIT,Jack Kochanowicz,Andrew Heaney,1.5,4.75,6.25,3,0,3
2025-04-23,ARI,TBR,Eduardo Rodríguez,Taj Bradley,3.22,2.14,5.36,13,6,7
2025-04-23,ATL,STL,Bryce Elder,Miles Mikolas,4.69,6.59,11.28,5,4,1
2025-04-23,BOS,SEA,Sean Newcomb,Emerson Hancock,11.98,3.95,15.93,13,5,8
2025-04-23,CLE,NYY,Luis Ortiz,Carlos Rodón,3.93,1.45,5.38,6,1,5
2025-04-23,DET,SDP,Reese Olson,Kyle Hart,1.36,1.44,2.8,6,6,0
2025-04-23,MIA,CIN,Sandy Alcantara,Brady Singer,4.65,3.97,8.62,7,2,5
2025-04-23,HOU,TOR,Ryan Gusto,Bowden Francis,3.77,0.93,4.7,4,3,1
2025-04-23,NYM,PHI,David Peterson,Zack Wheeler,5.35,1.1,6.45,7,4,3
2025-04-23,SFG,MIL,Logan Webb,Freddy Peralta,4.46,4.75,9.21,6,4,2
2025-04-23,WSN,BAL,Trevor Williams,Tomoyuki Sugano,3.07,2.0,5.07,7,4,3
2025-04-22,ARI,TBR,Brandon Pfaadt,Zack Littell,5.48,0.66,6.14,6,5,1
2025-04-22,CHC,LAD,Shota Imanaga,Dustin May,2.01,1.7,3.71,21,11,10
2025-04-22,CLE,NYY,Tanner Bibee,Will Warren,4.99,6.32,11.31,5,3,2
2025-04-22,DET,SDP,Jack Flaherty,Nick Pivetta,2.19,1.14,3.33,2,0,2
2025-04-22,MIA,CIN,Edward Cabrera,Nick Martinez,4.87,12.5,17.37,7,4,3
2025-04-22,HOU,TOR,Ronel Blanco,Chris Bassitt,4.03,2.82,6.85,6,5,1
2025-04-22,KCR,COL,Kris Bubic,Ryan Feltner,1.36,2.69,4.05,7,4,3
2025-04-22,MIN,CHW,Bailey Ober,Davis Martin,3.22,2.08,5.3,6,4,2
2025-04-22,ATH,TEX,Osvaldo Bido,Patrick Corbin,1.22,3.02,4.24,13,5,8
2025-04-22,SFG,MIL,Jordan Hicks,Jose Quintana,5.68,3.87,9.55,14,3,11
2025-04-22,WSN,BAL,Mitchell Parker,Dean Kremer,6.36,2.56,8.92,7,7,0
2025-04-21,ATL,STL,Spencer Schwellenbach,Erick Fedde,6.08,2.02,8.1,13,7,6
2025-04-21,BOS,CHW,Walker Buehler,Jonathan Cannon,4.74,4.8,9.54,6,4,2
2025-04-21,CLE,NYY,Gavin Williams,Clarke Schmidt,7.77,2.6,10.37,10,6,4
2025-04-21,MIA,CIN,Max Meyer,Nick Lodolo,2.27,2.87,5.14,9,6,3
2025-04-21,HOU,TOR,Hunter Brown,Kevin Gausman,2.4,2.37,4.77,7,7,0
2025-04-21,NYM,PHI,Tylor Megill,Aaron Nola,5.46,5.7,11.16,9,5,4
2025-04-21,SFG,MIL,Robbie Ray,Quinn Priester,1.32,4.62,5.94,7,5,2
2025-04-20,COL,WSN,Antonio Senzatela,Jake Irvin,6.76,2.92,9.68,4,3,1
2025-04-20,LAA,SFG,Yusei Kikuchi,Justin Verlander,1.85,1.79,3.64,9,5,4
2025-04-20,ATL,MIN,Grant Holmes,Joe Ryan,1.7,2.53,4.23,8,6,2
2025-04-20,BOS,CHW,Tanner Houck,Sean Burke,6.56,1.67,8.23,12,4,8
2025-04-20,CHC,ARI,Jameson Taillon,Merrill Kelly,5.97,4.18,10.15,5,2,3
2025-04-20,DET,KCR,Tarik Skubal,Michael Wacha,3.48,1.1,4.58,7,3,4
2025-04-20,HOU,SDP,Framber Valdez,Dylan Cease,2.44,1.16,3.6,5,2,3
2025-04-20,NYM,STL,Clay Holmes,Sonny Gray,2.51,1.53,4.04,11,7,4
2025-04-20,PHI,MIA,Jesús Luzardo,Connor Gillispie,5.32,4.66,9.98,12,5,7
2025-04-20,PIT,CLE,Mitch Keller,Logan Allen,1.47,4.34,5.81,9,4,5
2025-04-20,TBR,NYY,Ryan Pepiot,Max Fried,2.76,4.38,7.14,4,0,4
2025-04-20,TEX,LAD,Tyler Mahle,Tyler Glasnow,3.66,1.76,5.42,1,0,1
2025-04-19,LAA,SFG,Kyle Hendricks,Landen Roupp,1.79,3.5,5.29,5,2,3
2025-04-19,ATL,MIN,Chris Sale,Simeon Woods Richardson,2.57,3.35,5.92,7,4,3
2025-04-19,BOS,CHW,Garrett Crochet,Shane Smith,4.41,1.41,5.82,7,4,3
2025-04-19,CHC,ARI,Ben Brown,Zac Gallen,5.76,6.18,11.94,8,6,2
2025-04-19,COL,WSN,Chase Dollander,MacKenzie Gore,3.18,0.8,3.98,23,11,12
2025-04-19,DET,KCR,Casey Mize,Seth Lugo,4.57,1.05,5.62,4,3,1
2025-04-19,HOU,SDP,Hayden Wesneski,Michael King,2.19,2.3,4.49,5,3,2
2025-04-19,MIL,ATH,Chad Patrick,Luis Severino,3.85,1.9,5.75,4,1,3
2025-04-19,NYM,STL,Kodai Senga,Matthew Liberatore,4.06,1.79,5.85,3,3,0
2025-04-19,PIT,CLE,Paul Skenes,Ben Lively,4.48,4.54,9.02,3,0,3
2025-04-19,TEX,LAD,Nathan Eovaldi,Roki Sasaki,2.08,2.75,4.83,7,4,3
2025-04-19,TOR,SEA,José Berríos,Logan Gilbert,2.78,3.9,6.68,12,4,8
2025-04-18,LAA,SFG,Tyler Anderson,Logan Webb,2.74,2.85,5.59,2,2,0
2025-04-18,ATL,MIN,Bryce Elder,Chris Paddack,2.66,3.81,6.47,10,6,4
2025-04-18,CHC,ARI,Colin Rea,Corbin Burnes,2.35,4.51,6.86,24,13,11
2025-04-18,DET,KCR,Jackson Jobe,Cole Ragans,2.1,1.77,3.87,10,7,3
2025-04-18,HOU,SDP,Ryan Gusto,Kyle Hart,1.93,3.71,5.64,10,6,4
2025-04-18,MIL,ATH,Freddy Peralta,J.T. Ginn,2.19,1.77,3.96,8,5,3
2025-04-18,NYM,STL,David Peterson,Miles Mikolas,2.45,0.53,2.98,9,5,4
2025-04-18,PIT,CLE,Carmen Mlodzinski,Luis Ortiz,1.36,1.52,2.88,17,7,10
2025-04-18,TBR,NYY,Drew Rasmussen,Carlos Rodón,2.66,2.4,5.06,1,0,1
2025-04-18,TEX,LAD,Jacob deGrom,Yoshinobu Yamamoto,1.6,3.92,5.52,3,0,3
2025-04-18,TOR,SEA,Bowden Francis,Bryan Woo,2.42,4.11,6.53,4,3,1
2025-04-17,BAL,CLE,Tomoyuki Sugano,Tanner Bibee,6.69,1.34,8.03,8,6,2
2025-04-17,CHW,ATH,Davis Martin,JP Sears,1.43,4.98,6.41,8,0,8
2025-04-17,DET,KCR,Reese Olson,Michael Lorenzen,2.18,2.83,5.01,7,6,1
2025-04-17,MIA,ARI,Edward Cabrera,Eduardo Rodríguez,3.27,13.0,16.27,10,4,6
2025-04-17,NYM,STL,Griffin Canning,Andre Pallante,1.1,3.02,4.12,5,4,1
2025-04-17,PHI,SFG,Cristopher Sánchez,Jordan Hicks,2.91,5.49,8.4,10,6,4
2025-04-17,PIT,WSN,Andrew Heaney,Trevor Williams,6.18,1.15,7.33,1,1,0
2025-04-17,TEX,LAA,Kumar Rocker,Jack Kochanowicz,2.62,1.41,4.03,8,5,3
2025-04-16,BAL,CLE,Dean Kremer,Gavin Williams,4.2,3.73,7.93,10,9,1
2025-04-16,CHW,ATH,Jonathan Cannon,Osvaldo Bido,2.38,4.94,7.32,4,1,3
2025-04-16,CIN,SEA,Nick Martinez,Bryce Miller,4.45,3.28,7.73,8,3,5
2025-04-16,MIA,ARI,Max Meyer,Brandon Pfaadt,5.54,4.54,10.08,8,2,6
2025-04-16,PHI,SFG,Aaron Nola,Robbie Ray,2.88,4.56,7.44,15,4,11
2025-04-16,PIT,WSN,Bailey Falter,Mitchell Parker,0.74,1.62,2.36,7,6,1
2025-04-16,SDP,CHC,Nick Pivetta,Matthew Boyd,2.28,0.85,3.13,6,4,2
2025-04-16,TBR,BOS,Zack Littell,Sean Newcomb,5.32,1.78,7.1,1,0,1
2025-04-16,TEX,LAA,Patrick Corbin,José Soriano,1.56,1.28,2.84,4,3,1
2025-04-15,BAL,CLE,Charlie Morton,Logan Allen,4.59,4.3,8.89,9,3,6
2025-04-15,CIN,SEA,Nick Lodolo,Luis Castillo,3.86,2.33,6.19,12,8,4
2025-04-15,MIA,ARI,Connor Gillispie,Merrill Kelly,4.75,2.3,7.05,14,4,10
2025-04-15,MIL,DET,Quinn Priester,Jack Flaherty,1.32,8.67,9.99,5,5,0
2025-04-15,MIN,NYM,Bailey Ober,Tylor Megill,0.95,5.3,6.25,9,6,3
2025-04-15,NYY,KCR,Max Fried,Michael Wacha,4.27,1.49,5.76,6,4,2
2025-04-15,PHI,SFG,Jesús Luzardo,Justin Verlander,2.44,4.88,7.32,10,6,4
2025-04-15,PIT,WSN,Mitch Keller,Jake Irvin,4.57,2.93,7.5,3,0,3
2025-04-15,SDP,CHC,Randy Vásquez,Shota Imanaga,4.95,2.58,7.53,3,1,2
2025-04-15,STL,HOU,Erick Fedde,Hunter Brown,4.37,2.77,7.14,2,0,2
2025-04-15,TBR,BOS,Ryan Pepiot,Walker Buehler,3.93,1.91,5.84,11,4,7
2025-04-15,TEX,LAA,Tyler Mahle,Yusei Kikuchi,2.53,1.59,4.12,4,4,0
2025-04-15,TOR,ATL,Kevin Gausman,Spencer Schwellenbach,3.54,3.79,7.33,9,6,3
2025-04-14,LAD,COL,Dustin May,Antonio Senzatela,2.86,4.26,7.12,8,5,3
2025-04-14,MIL,DET,Tyler Alexander,Tarik Skubal,4.27,3.03,7.3,10,1,9
2025-04-14,MIN,NYM,Joe Ryan,Clay Holmes,2.81,2.89,5.7,6,1,5
2025-04-14,NYY,KCR,Carlos Carrasco,Seth Lugo,2.34,1.45,3.79,5,4,1
2025-04-14,PHI,SFG,Taijuan Walker,Landen Roupp,2.34,7.62,9.96,14,4,10
2025-04-14,SDP,CHC,Dylan Cease,Jameson Taillon,4.39,4.61,9.0,14,10,4
2025-04-14,STL,HOU,Sonny Gray,Framber Valdez,1.32,4.36,5.68,11,8,3
2025-04-14,TOR,ATL,Easton Lucas,Grant Holmes,4.46,1.74,6.2,12,4,8
2025-04-13,ARI,MIL,Zac Gallen,Freddy Peralta,4.87,3.25,8.12,7,5,2
2025-04-13,BAL,TOR,Cade Povich,José Berríos,1.69,1.24,2.93,13,6,7
2025-04-13,CHW,BOS,Shane Smith,Garrett Crochet,2.38,1.39,3.77,4,1,3
2025-04-13,CIN,PIT,Hunter Greene,Carmen Mlodzinski,9.19,1.51,10.7,4,4,0
2025-04-13,CLE,KCR,Ben Lively,Cole Ragans,4.67,1.42,6.09,6,2,4
2025-04-13,MIA,WSN,Cal Quantrill,MacKenzie Gore,2.04,8.27,10.31,15,11,4
2025-04-13,HOU,LAA,Hayden Wesneski,Kyle Hendricks,5.73,4.91,10.64,10,7,3
2025-04-13,MIN,DET,Simeon Woods Richardson,Casey Mize,0.88,4.91,5.79,6,5,1
2025-04-13,NYY,SFG,Carlos Rodón,Logan Webb,2.1,4.19,6.29,9,4,5
2025-04-13,ATH,NYM,Luis Severino,Kodai Senga,2.57,1.71,4.28,8,0,8
2025-04-13,SDP,COL,Michael King,Kyle Freeland,3.07,2.41,5.48,6,6,0
2025-04-13,SEA,TEX,Logan Gilbert,Nathan Eovaldi,4.83,1.63,6.46,4,3,1
2025-04-13,STL,PHI,Matthew Liberatore,Zack Wheeler,0.97,2.03,3.0,7,7,0
2025-04-12,ARI,MIL,Corbin Burnes,Chad Patrick,1.49,14.28,15.77,9,5,4
2025-04-12,BAL,TOR,Tomoyuki Sugano,Bowden Francis,2.76,6.94,9.7,9,5,4
2025-04-12,CHW,BOS,Martín Pérez,Richard Fitts,7.24,0.78,8.02,5,3,2
2025-04-12,CLE,KCR,Luis Ortiz,Michael Lorenzen,5.49,0.74,6.23,9,6,3
2025-04-12,MIA,WSN,Sandy Alcantara,Trevor Williams,3.6,10.11,13.71,13,7,6
2025-04-12,LAD,CHC,Roki Sasaki,Ben Brown,2.62,2.57,5.19,16,0,16
2025-04-12,MIN,DET,Chris Paddack,Jackson Jobe,5.24,9.85,15.09,4,0,4
2025-04-12,NYY,SFG,Will Warren,Jordan Hicks,2.03,9.88,11.91,12,8,4
2025-04-12,SDP,COL,Kyle Hart,Chase Dollander,7.2,1.06,8.26,2,2,0
2025-04-12,STL,PHI,Miles Mikolas,Cristopher Sánchez,1.63,0.61,2.24,5,1,4
2025-04-12,TBR,ATL,Drew Rasmussen,AJ Smith-Shawver,5.86,4.61,10.47,9,4,5
2025-04-11,CHW,BOS,Davis Martin,Sean Newcomb,1.97,3.48,5.45,12,11,1
2025-04-11,CIN,PIT,Brady Singer,Bailey Falter,0.95,9.78,10.73,8,5,3
2025-04-11,CLE,KCR,Tanner Bibee,Kris Bubic,1.28,1.28,2.56,7,7,0
2025-04-11,HOU,LAA,Ronel Blanco,Jack Kochanowicz,2.07,10.03,12.1,17,14,3
2025-04-11,LAD,CHC,Yoshinobu Yamamoto,Matthew Boyd,4.65,1.73,6.38,3,3,0
2025-04-11,ATH,NYM,JP Sears,Griffin Canning,3.75,3.18,6.93,13,6,7
2025-04-11,SDP,COL,Nick Pivetta,Germán Márquez,4.0,0.78,4.78,8,8,0
2025-04-11,SEA,TEX,Bryce Miller,Jacob deGrom,3.46,4.12,7.58,8,5,3
2025-04-11,STL,PHI,Andre Pallante,Aaron Nola,4.52,2.4,6.92,2,2,0
2025-04-11,TBR,ATL,Taj Bradley,Bryce Elder,1.63,5.54,7.17,9,6,3
2025-04-10,ATL,PHI,Spencer Schwellenbach,Jesús Luzardo,4.68,5.27,9.95,6,4,2
2025-04-10,BOS,TOR,Walker Buehler,Chris Bassitt,1.0,3.62,4.62,7,4,3
2025-04-10,CLE,CHW,Gavin Williams,Jonathan Cannon,0.8,1.41,2.21,7,6,1
2025-04-10,KCR,MIN,Michael Wacha,Bailey Ober,1.13,2.55,3.68,5,3,2
2025-04-10,TBR,LAA,Zack Littell,José Soriano,4.16,4.8,8.96,12,1,11
2025-04-09,ARI,BAL,Brandon Pfaadt,Dean Kremer,1.0,1.6,2.6,9,9,0
2025-04-09,ATL,PHI,Grant Holmes,Taijuan Walker,8.11,3.44,11.55,7,3,4
2025-04-09,BOS,TOR,Tanner Houck,Kevin Gausman,0.91,4.78,5.69,3,1,2
2025-04-09,CHC,TEX,Shota Imanaga,Tyler Mahle,8.16,2.45,10.61,8,2,6
2025-04-09,COL,MIL,Antonio Senzatela,Tyler Alexander,2.26,13.71,15.97,19,2,17
2025-04-09,DET,NYY,Jack Flaherty,Max Fried,4.37,0.81,5.18,7,3,4
2025-04-09,KCR,MIN,Seth Lugo,Joe Ryan,1.01,1.1,2.11,4,0,4
2025-04-09,NYM,MIA,Tylor Megill,Max Meyer,9.14,1.59,10.73,5,0,5
2025-04-09,ATH,SDP,Osvaldo Bido,Randy Vásquez,5.23,4.21,9.44,3,1,2
2025-04-09,PIT,STL,Mitch Keller,Erick Fedde,5.73,5.64,11.37,3,2,1
2025-04-09,SEA,HOU,Luis Castillo,Hunter Brown,2.45,2.48,4.93,13,7,6
2025-04-09,SFG,CIN,Justin Verlander,Nick Martinez,0.75,2.02,2.77,14,8,6
2025-04-09,TBR,LAA,Ryan Pepiot,Yusei Kikuchi,5.59,6.32,11.91,9,5,4
2025-04-08,ARI,BAL,Merrill Kelly,Charlie Morton,1.56,5.22,6.78,7,4,3
2025-04-08,ATL,PHI,Chris Sale,Zack Wheeler,9.35,4.81,14.16,12,7,5
2025-04-08,BOS,TOR,Garrett Crochet,Easton Lucas,5.09,5.41,10.5,7,1,6
2025-04-08,CLE,CHW,Ben Lively,Shane Smith,4.0,3.48,7.48,1,1,0
2025-04-08,COL,MIL,Kyle Freeland,Freddy Peralta,4.89,4.69,9.58,8,1,7
2025-04-08,DET,NYY,Tarik Skubal,Carlos Carrasco,5.69,4.03,9.72,5,5,0
2025-04-08,KCR,MIN,Cole Ragans,Pablo López,3.73,4.75,8.48,3,2,1
2025-04-08,NYM,MIA,Clay Holmes,Connor Gillispie,3.04,0.85,3.89,15,10,5
2025-04-08,ATH,SDP,Jeffrey Springs,Dylan Cease,4.23,5.38,9.61,14,10,4
2025-04-08,PIT,STL,Paul Skenes,Sonny Gray,8.08,5.12,13.2,8,3,5
2025-04-08,SEA,HOU,Luis Castillo,Framber Valdez,3.51,3.14,6.65,3,1,2
2025-04-08,SFG,CIN,Landen Roupp,Nick Lodolo,0.89,10.28,11.17,1,0,1
2025-04-08,TBR,LAA,Shane Baz,Kyle Hendricks,1.01,8.23,9.24,7,3,4
2025-04-07,ARI,BAL,Zac Gallen,Zach Eflin,3.53,4.91,8.44,6,1,5
2025-04-07,BOS,TOR,Richard Fitts,José Berríos,5.78,1.49,7.27,8,2,6
2025-04-07,CHC,TEX,Justin Steele,Nathan Eovaldi,7.45,2.92,10.37,7,7,0
2025-04-07,DET,NYY,Casey Mize,Carlos Rodón,4.22,4.8,9.02,8,6,2
2025-04-07,KCR,MIN,Michael Lorenzen,Simeon Woods Richardson,3.17,4.12,7.29,6,4,2
2025-04-07,NYM,MIA,Kodai Senga,Valente Bellozo,1.62,1.57,3.19,2,2,0
2025-04-07,ATH,SDP,Luis Severino,Michael King,4.27,5.8,10.07,9,4,5
2025-04-07,PIT,STL,Carmen Mlodzinski,Matthew Liberatore,3.73,4.65,8.38,12,8,4
2025-04-07,SEA,HOU,Logan Gilbert,Hayden Wesneski,3.43,5.05,8.48,7,4,3
2025-04-07,SFG,CIN,Logan Webb,Hunter Greene,8.58,4.12,12.7,2,0,2
2025-04-07,WSN,LAD,MacKenzie Gore,Dustin May,5.35,2.79,8.14,10,6,4
2025-04-06,LAA,CLE,Tyler Anderson,Luis Ortiz,9.59,4.74,14.33,8,6,2
2025-04-06,DET,CHW,Jackson Jobe,Martín Pérez,4.2,1.81,6.01,7,4,3
2025-04-06,KCR,BAL,Kris Bubic,Cade Povich,1.66,9.76,11.42,5,4,1
2025-04-06,NYM,TOR,David Peterson,Bowden Francis,8.2,2.05,10.25,3,2,1
2025-04-06,PIT,NYY,Andrew Heaney,Will Warren,2.72,6.62,9.34,9,5,4
2025-04-06,SFG,SEA,Jordan Hicks,Bryan Woo,5.91,3.43,9.34,9,5,4
2025-04-06,WSN,ARI,Trevor Williams,Corbin Burnes,3.87,5.15,9.02,9,5,4
2025-04-05,LAA,CLE,Jack Kochanowicz,Tanner Bibee,5.63,5.64,11.27,14,10,4
2025-04-05,ATL,MIA,AJ Smith-Shawver,Cal Quantrill,9.37,0.99,10.36,4,0,4
2025-04-05,COL,ATH,Germán Márquez,JP Sears,1.51,2.82,4.33,11,4,7
2025-04-05,DET,CHW,Reese Olson,Davis Martin,8.99,4.15,13.14,9,7,2
2025-04-05,KCR,BAL,Michael Wacha,Tomoyuki Sugano,4.52,0.78,5.3,9,1,8
2025-04-05,MIL,CIN,Elvin Rodríguez,Brady Singer,1.06,1.36,2.42,18,7,11
2025-04-05,NYM,TOR,Griffin Canning,Chris Bassitt,6.89,0.91,7.8,5,3,2
2025-04-05,PIT,NYY,Bailey Falter,Marcus Stroman,4.23,6.23,10.46,14,4,10
2025-04-05,SFG,SEA,Robbie Ray,Bryce Miller,9.85,3.09,12.94,5,4,1
2025-04-05,TEX,TBR,Jacob deGrom,Taj Bradley,3.16,1.56,4.72,10,6,4
2025-04-05,WSN,ARI,Mitchell Parker,Eduardo Rodríguez,0.9,4.17,5.07,7,4,3
2025-04-04,ATL,MIA,Spencer Schwellenbach,Max Meyer,3.72,8.7,12.42,10,10,0
2025-04-04,CHC,SDP,Shota Imanaga,Randy Vásquez,6.5,5.18,11.68,4,3,1
2025-04-04,COL,ATH,Ryan Feltner,Osvaldo Bido,1.1,3.52,4.62,9,3,6
2025-04-04,DET,CHW,Jack Flaherty,Jonathan Cannon,3.89,4.75,8.64,11,7,4
2025-04-04,KCR,BAL,Seth Lugo,Dean Kremer,5.48,2.63,8.11,10,8,2
2025-04-04,NYM,TOR,Tylor Megill,Kevin Gausman,5.06,3.91,8.97,5,5,0
2025-04-04,PHI,LAD,Jesús Luzardo,Yoshinobu Yamamoto,3.47,5.53,9.0,5,3,2
2025-04-04,PIT,NYY,Mitch Keller,Max Fried,0.81,5.19,6.0,13,4,9
2025-04-04,WSN,ARI,Jake Irvin,Brandon Pfaadt,1.32,5.03,6.35,10,4,6
2025-04-03,MIN,HOU,Joe Ryan,Hunter Brown,4.28,1.19,5.47,7,2,5
2025-04-02,BAL,BOS,Zach Eflin,Garrett Crochet,9.32,1.63,10.95,3,0,3
2025-04-02,CHW,MIN,Sean Burke,Pablo López,4.9,3.69,8.59,7,1,6
2025-04-02,CIN,TEX,Hunter Greene,Jack Leiter,3.98,0.99,4.97,1,0,1
2025-04-02,MIA,NYM,Connor Gillispie,Clay Holmes,3.52,3.81,7.33,11,5,6
2025-04-02,MIL,KCR,Freddy Peralta,Cole Ragans,3.21,3.22,6.43,5,3,2
2025-04-02,NYY,ARI,Carlos Rodón,Zac Gallen,6.14,9.99,16.13,7,3,4
2025-04-02,PHI,COL,Zack Wheeler,Kyle Freeland,9.35,1.25,10.6,6,5,1
2025-04-02,SDP,CLE,Dylan Cease,Ben Lively,7.45,0.87,8.32,7,5,2
2025-04-02,SEA,DET,Luis Castillo,Tarik Skubal,2.96,5.26,8.22,5,3,2
2025-04-02,STL,LAA,Sonny Gray,Yusei Kikuchi,4.88,10.22,15.1,17,12,5
2025-04-02,TBR,PIT,Ryan Pepiot,Paul Skenes,5.73,0.9,6.63,6,2,4
2025-04-01,ATH,CHC,Luis Severino,Justin Steele,2.46,10.42,12.88,11,4,7
2025-06-03,ATL,ARI,Spencer Strider,Zac Gallen,1.25,4.13,5.38,11,3,8
2025-06-03,BOS,LAA,Brayan Bello,Yusei Kikuchi,1.52,5.23,6.75,7,3,4
2025-06-03,CIN,MIL,Hunter Greene,Freddy Peralta,1.51,2.87,4.38,6,4,2
2025-06-03,LAD,NYM,Clayton Kershaw,Tylor Megill,5.03,4.21,9.24,11,6,5
2025-06-03,NYY,CLE,Carlos Rodón,Tanner Bibee,3.22,3.72,6.94,5,3,2
2025-06-03,ATH,MIN,Jacob Lopez,Pablo López,2.49,4.31,6.8,13,3,10
2025-06-03,PIT,HOU,Paul Skenes,Lance McCullers Jr.,1.36,3.16,4.52,3,0,3
2025-06-03,SEA,BAL,George Kirby,Tomoyuki Sugano,2.78,2.32,5.1,6,1,5
2025-06-03,TBR,TEX,Drew Rasmussen,Tyler Mahle,2.24,2.87,5.11,6,5,1
2025-06-03,TOR,PHI,Eric Lauer,Cristopher Sánchez,4.61,1.98,6.59,11,3,8
2025-06-03,WSN,CHC,Trevor Williams,Cade Horton,3.66,1.6,5.26,11,3,8
2025-06-04,ATL,ARI,Chris Sale,Merrill Kelly,2.62,1.72,4.34,3,1,2
2025-06-04,CIN,MIL,Andrew Abbott,Quinn Priester,2.55,1.74,4.29,10,1,9
2025-06-04,MIA,COL,Cal Quantrill,Kyle Freeland,1.16,2.18,3.34,5,2,3
2025-06-04,LAD,NYM,Tony Gonsolin,Griffin Canning,3.26,3.34,6.6,7,1,6
2025-06-04,NYY,CLE,Clarke Schmidt,Luis Ortiz,3.2,2.17,5.37,4,0,4
2025-06-04,ATH,MIN,Jeffrey Springs,Zebby Matthews,3.27,5.19,8.46,7,1,6
2025-06-04,PIT,HOU,Mike Burrows,Ryan Gusto,2.02,2.32,4.34,3,3,0
2025-06-04,SEA,BAL,Emerson Hancock,Cade Povich,1.5,3.92,5.42,5,2,3
2025-06-04,SFG,SDP,Kyle Harrison,Nick Pivetta,1.55,1.61,3.16,11,6,5
2025-06-04,TOR,PHI,José Berríos,Mick Abel,12.93,2.3,15.23,3,2,1
2025-06-04,WSN,CHC,MacKenzie Gore,Matthew Boyd,3.57,3.7,7.27,2,2,0
2025-06-05,STL,KCR,Miles Mikolas,Noah Cameron,1.34,1.96,3.3,12,5,7
2025-06-05,CHW,DET,Sean Burke,Casey Mize,2.58,4.9,7.48,5,3,2
2025-06-05,NYY,CLE,Max Fried,Slade Cecconi,2.12,1.98,4.1,4,4,0
2025-06-05,ATH,MIN,Mitch Spence,David Festa,1.48,5.01,6.49,17,14,3
2025-06-05,PIT,HOU,Mitch Keller,Framber Valdez,1.66,1.08,2.74,10,2,8
2025-06-05,SEA,BAL,Bryan Woo,Zach Eflin,1.47,3.23,4.7,7,3,4
2025-06-05,SFG,SDP,Robbie Ray,Dylan Cease,3.06,1.26,4.32,5,3,2
2025-06-05,TBR,TEX,Ryan Pepiot,Jack Leiter,0.99,1.59,2.58,7,4,3
2025-06-05,WSN,CHC,Jake Irvin,Colin Rea,1.98,3.99,5.97,8,1,7
2025-06-07,CHW,KCR,Adrian Houser,Michael Wacha,4.0,1.8,5.8,5,4,1
2025-06-07,CLE,HOU,Gavin Williams,Hunter Brown,2.36,2.13,4.49,8,3,5
2025-06-07,COL,NYM,Germán Márquez,Clay Holmes,2.17,2.49,4.66,9,1,8
2025-06-07,DET,CHC,Keider Montero,Jameson Taillon,1.25,1.2,2.45,7,1,6
2025-06-07,MIL,SDP,Jose Quintana,Stephen Kolek,1.37,2.39,3.76,7,4,3
2025-06-07,MIN,TOR,Chris Paddack,Kevin Gausman,1.75,3.34,5.09,9,4,5
2025-06-07,NYY,BOS,Ryan Yarbrough,Garrett Crochet,2.79,2.49,5.28,17,7,10
2025-06-07,PIT,PHI,Andrew Heaney,Ranger Suárez,2.63,1.6,4.23,3,2,1
2025-06-07,SFG,ATL,Logan Webb,Bryce Elder,3.27,2.37,5.64,5,3,2
2025-06-07,STL,LAD,Erick Fedde,Yoshinobu Yamamoto,4.87,2.31,7.18,3,2,1
2025-06-07,WSN,TEX,Mitchell Parker,Jacob deGrom,1.91,2.74,4.65,5,0,5
2025-06-06,LAA,SEA,Kyle Hendricks,Bryce Miller,4.88,2.15,7.03,9,5,4
2025-06-06,CHW,KCR,Davis Martin,Seth Lugo,3.35,4.3,7.65,9,7,2
2025-06-06,CIN,ARI,Nick Lodolo,Eduardo Rodríguez,3.65,6.04,9.69,7,4,3
2025-06-06,CLE,HOU,Logan Allen,Colton Gordon,1.61,3.64,5.25,6,2,4
2025-06-06,COL,NYM,Antonio Senzatela,Kodai Senga,3.69,4.33,8.02,6,2,4
2025-06-06,DET,CHC,Tarik Skubal,Ben Brown,2.29,2.69,4.98,4,3,1
2025-06-06,MIL,SDP,Chad Patrick,Randy Vásquez,2.99,1.74,4.73,2,0,2
2025-06-06,ATH,BAL,JP Sears,Dean Kremer,4.01,3.4,7.41,9,5,4
2025-06-06,SFG,ATL,Hayden Birdsong,Spencer Schwellenbach,3.02,2.14,5.16,9,5,4
2025-06-06,STL,LAD,Sonny Gray,Justin Wrobleski,7.21,1.0,8.21,5,5,0
2025-06-06,TBR,MIA,Zack Littell,Edward Cabrera,2.41,2.64,5.05,7,4,3
2025-06-06,WSN,TEX,Michael Soroka,Patrick Corbin,1.28,2.44,3.72,2,2,0
2025-06-08,LAA,SEA,Tyler Anderson,George Kirby,7.09,3.97,11.06,5,2,3
2025-06-08,CIN,ARI,Brady Singer,Zac Gallen,3.98,3.79,7.77,6,4,2
2025-06-08,CLE,HOU,Tanner Bibee,Brandon Walter,1.93,2.57,4.5,6,4,2
2025-06-08,DET,CHC,Jack Flaherty,Cade Horton,1.83,3.11,4.94,4,4,0
2025-06-08,MIL,SDP,Freddy Peralta,Ryan Bergert,4.33,2.08,6.41,1,0,1
2025-06-08,NYY,BOS,Carlos Rodón,Hunter Dobbins,5.53,2.74,8.27,18,7,11
2025-06-08,ATH,BAL,Jacob Lopez,Tomoyuki Sugano,3.22,4.97,8.19,6,5,1
2025-06-08,PIT,PHI,Paul Skenes,Cristopher Sánchez,2.7,1.58,4.28,3,2,1
2025-06-08,SFG,ATL,Landen Roupp,Spencer Strider,2.71,2.5,5.21,7,4,3
2025-06-09,LAA,ATH,Yusei Kikuchi,Jeffrey Springs,2.75,2.74,5.49,11,7,4
2025-06-09,ARI,SEA,Merrill Kelly,Emerson Hancock,1.61,2.67,4.28,12,8,4
2025-06-09,BOS,TBR,Brayan Bello,Shane Baz,4.05,3.84,7.89,18,8,10
2025-06-09,MIL,ATL,Aaron Civale,Chris Sale,1.53,2.5,4.03,8,1,7
2025-06-09,PHI,CHC,Zack Wheeler,Matthew Boyd,1.23,1.6,2.83,7,4,3
2025-06-09,PIT,MIA,Mike Burrows,Janson Junk,1.72,2.46,4.18,13,10,3
2025-06-09,SDP,LAD,Nick Pivetta,Dustin May,1.38,3.6,4.98,15,7,8
2025-06-09,STL,TOR,Andre Pallante,José Berríos,2.92,4.3,7.22,9,4,5
2025-06-10,LAA,ATH,José Soriano,Mitch Spence,5.35,3.06,8.41,3,2,1
2025-06-10,ARI,SEA,Brandon Pfaadt,Logan Evans,2.52,2.13,4.65,13,10,3
2025-06-10,BAL,DET,Cade Povich,Sawyer Gipson-Long,1.67,3.3,4.97,8,3,5
2025-06-10,BOS,TBR,Lucas Giolito,Ryan Pepiot,4.43,6.4,10.83,4,3,1
2025-06-10,CLE,CIN,Slade Cecconi,Andrew Abbott,1.86,4.89,6.75,1,0,1
2025-06-10,COL,SFG,Carson Palmquist,Kyle Harrison,1.75,3.66,5.41,11,5,6
2025-06-10,HOU,CHW,Lance McCullers Jr.,Shane Smith,2.94,3.03,5.97,6,2,4
2025-06-10,KCR,NYY,Noah Cameron,Max Fried,2.86,2.19,5.05,12,2,10
2025-06-10,MIL,ATL,Quinn Priester,Grant Holmes,1.53,3.76,5.29,5,4,1
2025-06-10,MIN,TEX,Simeon Woods Richardson,Tyler Mahle,4.01,3.12,7.13,20,4,16
2025-06-10,NYM,WSN,Griffin Canning,MacKenzie Gore,2.54,2.7,5.24,9,5,4
2025-06-10,PHI,CHC,Mick Abel,Colin Rea,2.23,1.62,3.85,12,4,8
2025-06-10,PIT,MIA,Mitch Keller,Sandy Alcantara,6.58,1.03,7.61,5,2,3
2025-06-10,SDP,LAD,Dylan Cease,Matt Sauer,2.41,4.97,7.38,12,11,1
2025-06-10,STL,TOR,Miles Mikolas,Chris Bassitt,3.69,3.68,7.37,19,9,10
2025-06-11,LAA,ATH,Kyle Hendricks,JP Sears,3.73,1.56,5.29,11,6,5
2025-06-11,ARI,SEA,Eduardo Rodríguez,Bryan Woo,6.76,2.21,8.97,7,5,2
2025-06-11,BAL,DET,Zach Eflin,Casey Mize,1.8,3.0,4.8,11,10,1
2025-06-11,BOS,TBR,Walker Buehler,Zack Littell,2.55,2.44,4.99,7,4,3
2025-06-11,COL,SFG,Kyle Freeland,Robbie Ray,2.55,3.3,5.85,17,7,10
2025-06-11,HOU,CHW,Ryan Gusto,Sean Burke,1.54,4.23,5.77,12,10,2
2025-06-11,KCR,NYY,Kris Bubic,Clarke Schmidt,2.04,4.02,6.06,9,3,6
2025-06-11,MIL,ATL,Chad Patrick,Spencer Schwellenbach,1.62,1.56,3.18,8,2,6
2025-06-11,MIN,TEX,David Festa,Jack Leiter,2.04,4.64,6.68,8,6,2
2025-06-11,NYM,WSN,David Peterson,Jake Irvin,5.07,1.57,6.64,5,5,0
2025-06-11,PHI,CHC,Jesús Luzardo,Ben Brown,2.49,4.61,7.1,9,7,2
2025-06-11,PIT,MIA,Bailey Falter,Cal Quantrill,5.03,1.52,6.55,7,5,2
2025-06-11,SDP,LAD,Randy Vásquez,Ben Casparius,1.98,2.72,4.7,7,2,5
2025-06-11,STL,TOR,Matthew Liberatore,Eric Lauer,4.74,4.98,9.72,7,2,5
2025-06-12,BAL,DET,Dean Kremer,Tarik Skubal,4.55,1.95,6.5,5,1,4
2025-06-12,CHC,PIT,Jameson Taillon,Andrew Heaney,2.72,1.91,4.63,5,3,2
2025-06-12,COL,SFG,Antonio Senzatela,Hayden Birdsong,4.87,4.98,9.85,15,8,7
2025-06-12,HOU,CHW,Framber Valdez,Davis Martin,5.14,1.03,6.17,7,4,3
2025-06-12,KCR,NYY,Seth Lugo,Will Warren,1.19,4.66,5.85,1,0,1
2025-06-12,MIN,TEX,Bailey Ober,Patrick Corbin,3.41,4.61,8.02,19,3,16
2025-06-12,NYM,WSN,Kodai Senga,Michael Soroka,3.91,0.99,4.9,7,4,3
