Date,Team,Opponent,Pitcher,Predicted_Ks,Actual_Ks
2025-04-05,ATL,MIA,AJ Smith-Shawver,5.46,6
2025-04-12,ATL,TBR,AJ Smith-Shawver,5.42,7
2025-04-29,ATL,COL,AJ Smith-Shawver,5.82,5
2025-05-05,ATL,CIN,AJ Smith-Shawver,6.01,5
2025-05-10,ATL,PIT,AJ Smith-Shawver,5.97,7
2025-05-15,ATL,WSN,AJ Smith-Shawver,5.79,6
2025-05-22,MIL,PIT,Aaron Civale,2.11,3
2025-05-27,MIL,BOS,Aaron Civale,2.93,4
2025-06-02,MIL,CIN,Aaron Civale,3.58,5
2025-04-05,PHI,LAD,Aaron Nola,5.26,2
2025-04-11,PHI,STL,Aaron Nola,5.82,7
2025-04-16,PHI,SFG,Aaron Nola,5.87,8
2025-04-21,PHI,NYM,Aaron Nola,6.78,6
2025-04-27,PHI,CHC,Aaron Nola,6.44,6
2025-05-03,PHI,ARI,Aaron Nola,6.65,8
2025-05-09,PHI,CLE,Aaron Nola,6.06,5
2025-05-14,PHI,STL,Aaron Nola,4.84,2
2025-05-26,CHW,NYM,Adrian Houser,3.65,6
2025-06-01,CHW,BAL,Adrian Houser,4.98,6
2025-06-07,CHW,KCR,Adrian Houser,6.26,6
2025-04-06,STL,BOS,Andre Pallante,4.33,6
2025-04-11,STL,PHI,Andre Pallante,4.73,4
2025-04-17,STL,NYM,Andre Pallante,3.73,2
2025-04-22,STL,ATL,Andre Pallante,2.37,1
2025-04-28,STL,CIN,Andre Pallante,2.36,4
2025-05-10,STL,WSN,Andre Pallante,3.85,7
2025-05-16,STL,KCR,Andre Pallante,3.86,4
2025-05-21,STL,DET,Andre Pallante,3.74,3
2025-05-27,STL,BAL,Andre Pallante,4.97,7
2025-06-03,STL,KCR,Andre Pallante,3.94,2
2025-04-18,CIN,BAL,Andrew Abbott,8.24,11
2025-04-25,CIN,COL,Andrew Abbott,5.68,4
2025-05-01,CIN,STL,Andrew Abbott,5.93,3
2025-05-06,CIN,ATL,Andrew Abbott,5.3,8
2025-05-13,CIN,CHW,Andrew Abbott,6.15,7
2025-05-18,CIN,CLE,Andrew Abbott,6.42,5
2025-05-24,CIN,CHC,Andrew Abbott,5.08,2
2025-05-30,CIN,CHC,Andrew Abbott,5.06,8
2025-06-04,CIN,MIL,Andrew Abbott,5.73,6
2025-04-06,PIT,NYY,Andrew Heaney,6.2,10
2025-04-12,PIT,CIN,Andrew Heaney,5.92,6
2025-04-17,PIT,WSN,Andrew Heaney,5.59,4
2025-04-23,PIT,LAA,Andrew Heaney,6.3,9
2025-04-29,PIT,CHC,Andrew Heaney,4.77,0
2025-05-04,PIT,SDP,Andrew Heaney,3.71,3
2025-05-10,PIT,ATL,Andrew Heaney,2.27,2
2025-05-16,PIT,PHI,Andrew Heaney,2.68,2
2025-05-21,PIT,CIN,Andrew Heaney,2.82,4
2025-05-26,PIT,ARI,Andrew Heaney,2.43,2
2025-06-01,PIT,SDP,Andrew Heaney,2.92,3
2025-06-07,PIT,PHI,Andrew Heaney,3.56,5
2025-05-08,COL,DET,Angel Chivilli,1.46,3
2025-04-03,COL,PHI,Antonio Senzatela,1.52,3
2025-04-09,COL,MIL,Antonio Senzatela,2.13,3
2025-04-14,COL,LAD,Antonio Senzatela,2.18,1
2025-04-20,COL,WSN,Antonio Senzatela,2.14,2
2025-04-26,COL,CIN,Antonio Senzatela,2.36,4
2025-05-02,COL,SFG,Antonio Senzatela,3.43,4
2025-05-09,COL,SDP,Antonio Senzatela,3.52,2
2025-05-14,COL,TEX,Antonio Senzatela,2.65,3
2025-05-20,COL,PHI,Antonio Senzatela,2.25,3
2025-05-25,COL,NYY,Antonio Senzatela,3.51,4
2025-05-31,COL,NYM,Antonio Senzatela,2.67,2
2025-06-06,COL,NYM,Antonio Senzatela,2.69,2
2025-04-05,PIT,NYY,Bailey Falter,4.66,5
2025-04-11,PIT,CIN,Bailey Falter,4.33,4
2025-04-16,PIT,WSN,Bailey Falter,3.71,2
2025-04-22,PIT,LAA,Bailey Falter,3.56,5
2025-04-27,PIT,LAD,Bailey Falter,2.84,2
2025-05-03,PIT,SDP,Bailey Falter,4.57,6
2025-05-09,PIT,ATL,Bailey Falter,3.81,3
2025-05-14,PIT,NYM,Bailey Falter,3.82,3
2025-05-20,PIT,CIN,Bailey Falter,3.69,5
2025-05-25,PIT,MIL,Bailey Falter,2.89,1
2025-05-31,PIT,SDP,Bailey Falter,2.01,1
2025-06-06,PIT,PHI,Bailey Falter,1.41,2
2025-04-05,MIN,HOU,Bailey Ober,3.72,5
2025-04-10,MIN,KCR,Bailey Ober,3.55,4
2025-04-15,MIN,NYM,Bailey Ober,5.06,5
2025-04-22,MIN,CHW,Bailey Ober,5.36,6
2025-04-28,MIN,CLE,Bailey Ober,4.11,2
2025-05-03,MIN,BOS,Bailey Ober,5.17,6
2025-05-08,MIN,BAL,Bailey Ober,4.94,6
2025-05-14,MIN,BAL,Bailey Ober,4.94,3
2025-05-25,MIN,KCR,Bailey Ober,3.01,3
2025-05-31,MIN,SEA,Bailey Ober,3.29,4
2025-06-06,MIN,TOR,Bailey Ober,3.91,4
2025-03-31,CHC,ATH,Ben Brown,4.92,5
2025-04-06,CHC,SDP,Ben Brown,5.61,5
2025-04-12,CHC,LAD,Ben Brown,4.86,5
2025-04-19,CHC,ARI,Ben Brown,5.35,6
2025-04-26,CHC,PHI,Ben Brown,5.46,5
2025-05-02,CHC,MIL,Ben Brown,4.84,4
2025-05-07,CHC,SFG,Ben Brown,6.14,9
2025-05-13,CHC,MIA,Ben Brown,6.26,6
2025-05-19,CHC,MIA,Ben Brown,7.85,8
2025-05-25,CHC,CIN,Ben Brown,5.41,4
2025-05-31,CHC,CIN,Ben Brown,7.47,9
2025-06-06,CHC,DET,Ben Brown,6.2,7
2025-04-27,LAD,PIT,Ben Casparius,3.4,5
2025-05-05,LAD,MIA,Ben Casparius,5.32,5
2025-04-02,CLE,SDP,Ben Lively,3.25,4
2025-04-08,CLE,CHW,Ben Lively,3.62,4
2025-04-13,CLE,KCR,Ben Lively,4.58,5
2025-04-19,CLE,PIT,Ben Lively,3.69,3
2025-04-26,CLE,BOS,Ben Lively,3.95,4
2025-05-01,CLE,MIN,Ben Lively,3.1,2
2025-05-06,CLE,WSN,Ben Lively,2.83,3
2025-04-02,LAD,ATL,Blake Snell,2.27,2
2025-04-06,TOR,NYM,Bowden Francis,4.89,6
2025-04-12,TOR,BAL,Bowden Francis,4.88,5
2025-04-18,TOR,SEA,Bowden Francis,5.52,5
2025-04-23,TOR,HOU,Bowden Francis,3.66,2
2025-05-04,TOR,CLE,Bowden Francis,1.75,2
2025-05-10,TOR,SEA,Bowden Francis,2.58,5
2025-05-16,TOR,DET,Bowden Francis,4.76,6
2025-05-22,TOR,SDP,Bowden Francis,5.12,4
2025-05-27,TOR,TEX,Bowden Francis,5.2,6
2025-04-14,WSN,PIT,Brad Lord,1.59,1
2025-04-20,WSN,COL,Brad Lord,3.23,5
2025-04-26,WSN,NYM,Brad Lord,2.97,3
2025-05-01,WSN,PHI,Brad Lord,3.58,4
2025-05-06,WSN,CLE,Brad Lord,3.64,4
2025-04-27,COL,CIN,Bradley Blalock,1.03,1
2025-05-03,COL,SFG,Bradley Blalock,1.89,4
2025-05-10,COL,SDP,Bradley Blalock,1.28,1
2025-04-05,CIN,MIL,Brady Singer,7.58,7
2025-04-11,CIN,PIT,Brady Singer,6.12,3
2025-04-17,CIN,SEA,Brady Singer,5.43,6
2025-04-23,CIN,MIA,Brady Singer,5.67,8
2025-04-30,CIN,STL,Brady Singer,6.12,4
2025-05-05,CIN,ATL,Brady Singer,4.93,2
2025-05-16,CIN,CLE,Brady Singer,2.23,4
2025-05-21,CIN,PIT,Brady Singer,2.33,3
2025-05-27,CIN,KCR,Brady Singer,3.3,3
2025-06-02,CIN,MIL,Brady Singer,3.55,4
2025-04-04,ARI,WSN,Brandon Pfaadt,4.62,4
2025-04-09,ARI,BAL,Brandon Pfaadt,3.95,3
2025-04-16,ARI,MIA,Brandon Pfaadt,4.51,6
2025-04-22,ARI,TBR,Brandon Pfaadt,5.08,5
2025-04-27,ARI,ATL,Brandon Pfaadt,6.09,6
2025-05-03,ARI,PHI,Brandon Pfaadt,5.83,6
2025-05-08,ARI,LAD,Brandon Pfaadt,5.61,6
2025-05-13,ARI,SFG,Brandon Pfaadt,4.93,3
2025-05-19,ARI,LAD,Brandon Pfaadt,2.99,0
2025-05-25,ARI,STL,Brandon Pfaadt,2.65,5
2025-05-28,NYM,CHW,Brandon Waddell,3.41,3
2025-04-26,BAL,DET,Brandon Young,4.48,6
2025-04-27,BOS,CLE,Brayan Bello,3.77,4
2025-05-02,BOS,MIN,Brayan Bello,4.07,5
2025-05-08,BOS,TEX,Brayan Bello,3.84,1
2025-05-13,BOS,DET,Brayan Bello,3.12,4
2025-05-18,BOS,ATL,Brayan Bello,3.18,3
2025-05-23,BOS,BAL,Brayan Bello,4.76,7
2025-05-28,BOS,MIL,Brayan Bello,3.29,2
2025-06-03,BOS,LAA,Brayan Bello,4.55,4
2025-04-30,CIN,STL,Brent Suter,1.06,2
2025-04-06,SEA,SFG,Bryan Woo,5.28,6
2025-04-12,SEA,TEX,Bryan Woo,6.37,7
2025-04-18,SEA,TOR,Bryan Woo,5.25,4
2025-04-24,SEA,BOS,Bryan Woo,5.12,8
2025-05-02,SEA,TEX,Bryan Woo,6.43,8
2025-05-07,SEA,ATH,Bryan Woo,7.49,6
2025-05-13,SEA,NYY,Bryan Woo,6.25,6
2025-05-18,SEA,SDP,Bryan Woo,5.9,5
2025-05-24,SEA,HOU,Bryan Woo,5.62,5
2025-05-30,SEA,MIN,Bryan Woo,3.9,3
2025-06-05,SEA,BAL,Bryan Woo,4.71,6
2025-04-11,ATL,TBR,Bryce Elder,3.18,4
2025-04-18,ATL,MIN,Bryce Elder,3.46,3
2025-04-23,ATL,STL,Bryce Elder,3.28,2
2025-04-28,ATL,COL,Bryce Elder,2.9,4
2025-05-04,ATL,LAD,Bryce Elder,4.05,6
2025-05-09,ATL,PIT,Bryce Elder,5.89,8
2025-05-14,ATL,WSN,Bryce Elder,5.97,3
2025-06-01,ATL,BOS,Bryce Elder,5.17,4
2025-06-07,ATL,SFG,Bryce Elder,6.27,12
2025-04-05,SEA,SFG,Bryce Miller,3.79,4
2025-04-11,SEA,TEX,Bryce Miller,4.55,5
2025-04-16,SEA,CIN,Bryce Miller,5.44,8
2025-04-22,SEA,BOS,Bryce Miller,5.97,4
2025-04-29,SEA,LAA,Bryce Miller,6.09,6
2025-05-05,SEA,ATH,Bryce Miller,3.75,1
2025-05-11,SEA,TOR,Bryce Miller,3.31,3
2025-05-31,SEA,MIN,Bryce Miller,2.03,2
2025-06-06,SEA,LAA,Bryce Miller,1.98,2
2025-05-04,CHW,HOU,Bryse Wilson,2.3,4
2025-05-09,CHW,MIA,Bryse Wilson,2.02,1
2025-05-15,CHW,CIN,Bryse Wilson,2.78,3
2025-05-24,CHW,TEX,Bryse Wilson,2.81,4
2025-06-02,CHW,DET,Bryse Wilson,2.34,2
2025-05-16,CHC,CHW,Cade Horton,3.4,2
2025-05-21,CHC,MIA,Cade Horton,3.21,3
2025-05-27,CHC,COL,Cade Horton,3.79,6
2025-06-03,CHC,WSN,Cade Horton,3.72,3
2025-04-06,BAL,KCR,Cade Povich,5.99,4
2025-04-13,BAL,TOR,Cade Povich,4.99,2
2025-04-24,BAL,WSN,Cade Povich,3.5,5
2025-04-30,BAL,NYY,Cade Povich,3.95,2
2025-05-06,BAL,MIN,Cade Povich,3.64,4
2025-05-16,BAL,WSN,Cade Povich,5.15,9
2025-05-23,BAL,BOS,Cade Povich,5.97,6
2025-05-28,BAL,STL,Cade Povich,8.21,9
2025-06-04,BAL,SEA,Cade Povich,6.24,5
2025-04-05,MIA,ATL,Cal Quantrill,2.84,4
2025-04-13,MIA,WSN,Cal Quantrill,2.73,2
2025-04-25,MIA,SEA,Cal Quantrill,1.92,5
2025-04-30,MIA,LAD,Cal Quantrill,2.38,3
2025-05-06,MIA,LAD,Cal Quantrill,4.93,6
2025-05-12,MIA,CHC,Cal Quantrill,3.26,1
2025-05-18,MIA,TBR,Cal Quantrill,4.61,6
2025-05-30,MIA,SFG,Cal Quantrill,5.13,7
2025-06-04,MIA,COL,Cal Quantrill,3.65,2
2025-04-03,NYY,ARI,Carlos Carrasco,3.34,5
2025-04-08,NYY,DET,Carlos Carrasco,3.26,3
2025-04-14,NYY,KCR,Carlos Carrasco,3.77,4
2025-04-19,NYY,TBR,Carlos Carrasco,2.58,1
2025-04-25,NYY,TOR,Carlos Carrasco,2.27,2
2025-04-02,NYY,ARI,Carlos Rodón,6.48,5
2025-04-07,NYY,DET,Carlos Rodón,6.7,8
2025-04-13,NYY,SFG,Carlos Rodón,6.71,8
2025-04-18,NYY,TBR,Carlos Rodón,8.52,9
2025-04-23,NYY,CLE,Carlos Rodón,9.15,8
2025-04-29,NYY,BAL,Carlos Rodón,8.53,7
2025-05-05,NYY,SDP,Carlos Rodón,6.14,5
2025-05-10,NYY,ATH,Carlos Rodón,7.57,10
2025-05-16,NYY,NYM,Carlos Rodón,6.48,5
2025-05-22,NYY,TEX,Carlos Rodón,7.95,8
2025-05-27,NYY,LAA,Carlos Rodón,7.69,10
2025-06-03,NYY,CLE,Carlos Rodón,8.52,8
2025-03-31,SEA,DET,Carlos Vargas,1.03,2
2025-04-07,PIT,STL,Carmen Mlodzinski,5.38,6
2025-04-13,PIT,CIN,Carmen Mlodzinski,4.68,4
2025-04-18,PIT,CLE,Carmen Mlodzinski,3.34,0
2025-04-24,PIT,LAA,Carmen Mlodzinski,2.52,4
2025-04-30,PIT,CHC,Carmen Mlodzinski,2.74,4
2025-05-05,PIT,STL,Carmen Mlodzinski,3.25,2
2025-05-11,PIT,ATL,Carmen Mlodzinski,2.77,2
2025-05-21,COL,PHI,Carson Palmquist,0.85,2
2025-05-26,COL,CHC,Carson Palmquist,1.71,4
2025-06-01,COL,NYM,Carson Palmquist,5.31,8
2025-04-19,CIN,BAL,Carson Spiers,3.46,3
2025-04-25,SEA,MIA,Casey Lawrence,1.46,4
2025-05-20,SEA,CHW,Casey Lawrence,2.1,2
2025-04-07,DET,NYY,Casey Mize,6.34,6
2025-04-13,DET,MIN,Casey Mize,4.94,3
2025-04-19,DET,KCR,Casey Mize,4.19,3
2025-04-26,DET,BAL,Casey Mize,3.91,5
2025-05-01,DET,LAA,Casey Mize,3.47,4
2025-05-08,DET,COL,Casey Mize,5.82,8
2025-05-24,DET,CLE,Casey Mize,6.19,6
2025-06-05,DET,CHW,Casey Mize,4.3,3
2025-04-01,MIL,KCR,Chad Patrick,2.97,5
2025-04-06,MIL,CIN,Chad Patrick,3.32,4
2025-04-12,MIL,ARI,Chad Patrick,3.36,3
2025-04-19,MIL,ATH,Chad Patrick,4.96,7
2025-04-25,MIL,STL,Chad Patrick,3.61,2
2025-05-01,MIL,CHW,Chad Patrick,4.32,4
2025-05-06,MIL,HOU,Chad Patrick,3.9,6
2025-05-11,MIL,TBR,Chad Patrick,4.79,4
2025-05-16,MIL,MIN,Chad Patrick,4.05,2
2025-05-21,MIL,BAL,Chad Patrick,4.66,7
2025-05-26,MIL,BOS,Chad Patrick,5.14,6
2025-05-31,MIL,PHI,Chad Patrick,6.03,6
2025-06-06,MIL,SDP,Chad Patrick,6.11,6
2025-04-03,BAL,BOS,Charlie Morton,6.52,10
2025-04-08,BAL,ARI,Charlie Morton,5.07,4
2025-04-15,BAL,CLE,Charlie Morton,4.5,2
2025-04-26,BAL,DET,Charlie Morton,2.36,3
2025-05-07,BAL,MIN,Charlie Morton,1.36,2
2025-05-17,BAL,WSN,Charlie Morton,3.79,6
2025-05-26,BAL,STL,Charlie Morton,5.2,5
2025-06-01,BAL,CHW,Charlie Morton,6.17,7
2025-04-12,COL,SDP,Chase Dollander,5.98,7
2025-04-19,COL,WSN,Chase Dollander,6.11,5
2025-04-24,COL,KCR,Chase Dollander,4.53,3
2025-04-30,COL,ATL,Chase Dollander,3.83,4
2025-05-12,COL,TEX,Chase Dollander,3.78,7
2025-05-18,COL,ARI,Chase Dollander,4.11,6
2025-05-20,BAL,MIL,Chayce McDermott,3.62,2
2025-04-05,TOR,NYM,Chris Bassitt,8.43,9
2025-04-10,TOR,BOS,Chris Bassitt,7.58,5
2025-04-16,TOR,ATL,Chris Bassitt,8.37,10
2025-04-22,TOR,HOU,Chris Bassitt,5.9,3
2025-04-27,TOR,NYY,Chris Bassitt,5.99,5
2025-05-02,TOR,CLE,Chris Bassitt,4.0,4
2025-05-08,TOR,LAA,Chris Bassitt,5.09,6
2025-05-14,TOR,TBR,Chris Bassitt,5.0,6
2025-05-20,TOR,SDP,Chris Bassitt,5.98,6
2025-05-25,TOR,TBR,Chris Bassitt,4.77,2
2025-05-30,TOR,ATH,Chris Bassitt,4.97,6
2025-06-05,TOR,PHI,Chris Bassitt,5.15,6
2025-04-06,MIN,HOU,Chris Paddack,2.1,2
2025-04-12,MIN,DET,Chris Paddack,2.83,5
2025-04-18,MIN,ATL,Chris Paddack,4.35,6
2025-04-24,MIN,CHW,Chris Paddack,5.46,5
2025-04-29,MIN,CLE,Chris Paddack,4.35,2
2025-05-04,MIN,BOS,Chris Paddack,2.77,2
2025-05-09,MIN,SFG,Chris Paddack,3.57,6
2025-05-15,MIN,BAL,Chris Paddack,4.57,3
2025-05-21,MIN,CLE,Chris Paddack,3.69,2
2025-05-26,MIN,TBR,Chris Paddack,3.45,5
2025-06-01,MIN,SEA,Chris Paddack,5.89,10
2025-06-07,MIN,TOR,Chris Paddack,6.22,2
2025-04-01,ATL,LAD,Chris Sale,5.87,5
2025-04-08,ATL,PHI,Chris Sale,5.94,5
2025-04-13,ATL,TBR,Chris Sale,5.66,7
2025-04-19,ATL,MIN,Chris Sale,6.9,8
2025-04-25,ATL,ARI,Chris Sale,5.69,4
2025-04-30,ATL,COL,Chris Sale,7.47,10
2025-05-06,ATL,CIN,Chris Sale,8.63,10
2025-05-11,ATL,PIT,Chris Sale,9.51,8
2025-05-16,ATL,BOS,Chris Sale,8.91,8
2025-05-23,ATL,SDP,Chris Sale,7.43,6
2025-05-29,ATL,PHI,Chris Sale,6.95,8
2025-06-04,ATL,ARI,Chris Sale,8.42,10
2025-04-21,NYY,CLE,Clarke Schmidt,4.38,7
2025-04-27,NYY,TOR,Clarke Schmidt,5.19,6
2025-05-06,NYY,SDP,Clarke Schmidt,5.8,4
2025-05-12,NYY,SEA,Clarke Schmidt,5.2,6
2025-05-17,NYY,NYM,Clarke Schmidt,5.01,5
2025-05-23,NYY,COL,Clarke Schmidt,6.51,8
2025-05-28,NYY,LAA,Clarke Schmidt,5.49,4
2025-06-04,NYY,CLE,Clarke Schmidt,6.43,8
2025-04-02,NYM,MIA,Clay Holmes,5.23,6
2025-04-08,NYM,MIA,Clay Holmes,7.0,10
2025-04-14,NYM,MIN,Clay Holmes,8.09,8
2025-04-20,NYM,STL,Clay Holmes,8.19,6
2025-04-26,NYM,WSN,Clay Holmes,5.26,2
2025-05-02,NYM,STL,Clay Holmes,3.69,3
2025-05-09,NYM,CHC,Clay Holmes,3.47,5
2025-05-14,NYM,PIT,Clay Holmes,4.05,4
2025-05-20,NYM,BOS,Clay Holmes,4.89,5
2025-05-26,NYM,CHW,Clay Holmes,4.05,3
2025-06-01,NYM,COL,Clay Holmes,3.92,3
2025-06-07,NYM,COL,Clay Holmes,4.01,6
2025-05-28,LAD,CLE,Clayton Kershaw,1.87,3
2025-06-03,LAD,NYM,Clayton Kershaw,1.98,2
2025-04-02,KCR,MIL,Cole Ragans,5.94,10
2025-04-08,KCR,MIN,Cole Ragans,8.29,11
2025-04-13,KCR,CLE,Cole Ragans,10.27,10
2025-04-18,KCR,DET,Cole Ragans,8.68,8
2025-05-05,KCR,CHW,Cole Ragans,7.9,11
2025-05-10,KCR,BOS,Cole Ragans,7.94,8
2025-05-16,KCR,STL,Cole Ragans,7.74,7
2025-04-13,CHC,LAD,Colin Rea,2.15,5
2025-04-18,CHC,ARI,Colin Rea,3.64,5
2025-04-25,CHC,PHI,Colin Rea,6.11,7
2025-05-01,CHC,PIT,Colin Rea,4.69,2
2025-05-06,CHC,SFG,Colin Rea,4.74,4
2025-05-12,CHC,MIA,Colin Rea,3.68,4
2025-05-18,CHC,CHW,Colin Rea,3.8,3
2025-05-24,CHC,CIN,Colin Rea,4.91,8
2025-05-30,CHC,CIN,Colin Rea,4.97,3
2025-06-05,CHC,WSN,Colin Rea,3.69,0
2025-05-19,HOU,TBR,Colton Gordon,4.86,7
2025-05-25,HOU,SEA,Colton Gordon,4.97,4
2025-05-31,HOU,TBR,Colton Gordon,5.97,6
2025-06-06,HOU,CLE,Colton Gordon,4.86,5
2025-04-02,MIA,NYM,Connor Gillispie,5.1,6
2025-04-08,MIA,NYM,Connor Gillispie,3.54,2
2025-04-15,MIA,ARI,Connor Gillispie,4.92,6
2025-04-20,MIA,PHI,Connor Gillispie,3.46,3
2025-04-06,ARI,WSN,Corbin Burnes,5.32,3
2025-04-12,ARI,MIL,Corbin Burnes,5.24,3
2025-04-18,ARI,CHC,Corbin Burnes,3.13,3
2025-04-24,ARI,TBR,Corbin Burnes,5.08,8
2025-04-30,ARI,NYM,Corbin Burnes,4.71,3
2025-05-10,ARI,LAD,Corbin Burnes,5.26,5
2025-05-16,ARI,COL,Corbin Burnes,5.66,10
2025-05-21,ARI,LAD,Corbin Burnes,7.98,8
2025-05-27,ARI,PIT,Corbin Burnes,8.29,6
2025-06-01,ARI,WSN,Corbin Burnes,6.55,6
2025-04-06,PHI,LAD,Cristopher Sánchez,8.26,9
2025-04-12,PHI,STL,Cristopher Sánchez,6.08,3
2025-04-17,PHI,SFG,Cristopher Sánchez,8.45,12
2025-04-30,PHI,WSN,Cristopher Sánchez,6.24,6
2025-05-07,PHI,TBR,Cristopher Sánchez,4.17,5
2025-05-12,PHI,STL,Cristopher Sánchez,6.75,8
2025-05-19,PHI,COL,Cristopher Sánchez,6.26,7
2025-05-24,PHI,ATH,Cristopher Sánchez,7.48,6
2025-05-29,PHI,ATL,Cristopher Sánchez,6.2,5
2025-06-03,PHI,TOR,Cristopher Sánchez,5.22,4
2025-04-16,MIN,NYM,David Festa,5.33,6
2025-04-23,MIN,CHW,David Festa,5.14,5
2025-06-05,MIN,ATH,David Festa,5.79,6
2025-04-06,NYM,TOR,David Peterson,5.84,3
2025-04-12,NYM,ATH,David Peterson,5.58,5
2025-04-18,NYM,STL,David Peterson,5.99,9
2025-04-23,NYM,PHI,David Peterson,5.6,2
2025-04-29,NYM,ARI,David Peterson,4.66,2
2025-05-06,NYM,ARI,David Peterson,3.55,6
2025-05-12,NYM,PIT,David Peterson,5.24,7
2025-05-18,NYM,NYY,David Peterson,4.86,4
2025-05-24,NYM,LAD,David Peterson,5.47,7
2025-05-30,NYM,COL,David Peterson,5.13,5
2025-06-05,NYM,LAD,David Peterson,5.33,6
2025-04-05,CHW,DET,Davis Martin,2.15,2
2025-04-11,CHW,BOS,Davis Martin,3.68,6
2025-04-17,CHW,ATH,Davis Martin,3.91,3
2025-04-22,CHW,MIN,Davis Martin,3.87,3
2025-04-27,CHW,ATH,Davis Martin,3.69,5
2025-05-03,CHW,HOU,Davis Martin,4.67,5
2025-05-08,CHW,KCR,Davis Martin,3.53,2
2025-05-14,CHW,CIN,Davis Martin,3.64,5
2025-05-19,CHW,SEA,Davis Martin,3.68,3
2025-05-25,CHW,TEX,Davis Martin,2.2,2
2025-05-31,CHW,BAL,Davis Martin,2.83,3
2025-06-06,CHW,KCR,Davis Martin,3.98,7
2025-04-04,BAL,KCR,Dean Kremer,3.33,1
2025-04-09,BAL,ARI,Dean Kremer,3.56,4
2025-04-16,BAL,CLE,Dean Kremer,2.35,2
2025-04-22,BAL,WSN,Dean Kremer,3.46,4
2025-04-27,BAL,DET,Dean Kremer,3.08,3
2025-05-02,BAL,KCR,Dean Kremer,3.28,2
2025-05-08,BAL,MIN,Dean Kremer,5.03,8
2025-05-14,BAL,MIN,Dean Kremer,5.47,4
2025-05-19,BAL,MIL,Dean Kremer,6.15,6
2025-05-25,BAL,BOS,Dean Kremer,4.88,4
2025-05-31,BAL,CHW,Dean Kremer,6.1,7
2025-06-06,BAL,ATH,Dean Kremer,4.61,2
2025-04-06,TBR,TEX,Drew Rasmussen,3.61,4
2025-04-12,TBR,ATL,Drew Rasmussen,5.14,7
2025-04-18,TBR,NYY,Drew Rasmussen,6.11,7
2025-04-24,TBR,ARI,Drew Rasmussen,5.97,5
2025-04-30,TBR,KCR,Drew Rasmussen,5.13,3
2025-05-06,TBR,PHI,Drew Rasmussen,3.41,2
2025-05-11,TBR,MIL,Drew Rasmussen,2.76,3
2025-05-17,TBR,MIA,Drew Rasmussen,3.25,5
2025-05-23,TBR,TOR,Drew Rasmussen,3.7,3
2025-05-28,TBR,MIN,Drew Rasmussen,4.67,5
2025-06-03,TBR,TEX,Drew Rasmussen,5.95,8
2025-04-07,LAD,WSN,Dustin May,3.51,1
2025-04-14,LAD,COL,Dustin May,5.0,7
2025-04-22,LAD,CHC,Dustin May,4.62,5
2025-04-28,LAD,MIA,Dustin May,5.25,3
2025-05-04,LAD,ATL,Dustin May,4.45,6
2025-05-10,LAD,ARI,Dustin May,4.93,5
2025-05-16,LAD,LAA,Dustin May,6.31,8
2025-05-21,LAD,ARI,Dustin May,7.69,8
2025-05-27,LAD,CLE,Dustin May,7.76,9
2025-06-02,LAD,NYM,Dustin May,7.63,5
2025-04-02,SDP,CLE,Dylan Cease,7.64,7
2025-04-08,SDP,ATH,Dylan Cease,5.46,4
2025-04-14,SDP,CHC,Dylan Cease,6.07,6
2025-04-20,SDP,HOU,Dylan Cease,4.92,6
2025-04-26,SDP,TBR,Dylan Cease,6.14,6
2025-05-02,SDP,PIT,Dylan Cease,4.6,3
2025-05-07,SDP,NYY,Dylan Cease,6.2,9
2025-05-13,SDP,LAA,Dylan Cease,7.66,10
2025-05-20,SDP,TOR,Dylan Cease,7.73,6
2025-05-25,SDP,ATL,Dylan Cease,8.03,8
2025-05-31,SDP,PIT,Dylan Cease,6.4,6
2025-06-05,SDP,SFG,Dylan Cease,7.55,7
2025-04-08,TOR,BOS,Easton Lucas,5.47,8
2025-04-14,TOR,ATL,Easton Lucas,4.88,3
2025-05-31,TOR,ATH,Easton Lucas,3.62,3
2025-04-05,ARI,WSN,Eduardo Rodríguez,7.73,12
2025-04-11,ARI,MIL,Eduardo Rodríguez,6.39,3
2025-04-17,ARI,MIA,Eduardo Rodríguez,8.43,9
2025-04-23,ARI,TBR,Eduardo Rodríguez,5.56,5
2025-04-29,ARI,NYM,Eduardo Rodríguez,3.98,1
2025-05-04,ARI,PHI,Eduardo Rodríguez,4.79,10
2025-05-14,ARI,SFG,Eduardo Rodríguez,4.94,4
2025-06-06,ARI,CIN,Eduardo Rodríguez,3.21,3
2025-04-17,MIA,ARI,Edward Cabrera,5.71,6
2025-04-22,MIA,CIN,Edward Cabrera,5.97,7
2025-04-28,MIA,LAD,Edward Cabrera,4.24,2
2025-05-04,MIA,ATH,Edward Cabrera,4.64,4
2025-05-10,MIA,CHW,Edward Cabrera,2.53,2
2025-05-19,MIA,CHC,Edward Cabrera,4.61,7
2025-05-25,MIA,LAA,Edward Cabrera,6.04,10
2025-05-31,MIA,SFG,Edward Cabrera,7.62,5
2025-06-06,MIA,TBR,Edward Cabrera,6.25,5
2025-04-05,MIL,CIN,Elvin Rodríguez,2.04,2
2025-04-14,MIL,DET,Elvin Rodríguez,3.39,7
2025-04-17,SEA,CIN,Emerson Hancock,1.87,4
2025-04-23,SEA,BOS,Emerson Hancock,3.49,7
2025-04-30,SEA,LAA,Emerson Hancock,5.25,4
2025-05-06,SEA,ATH,Emerson Hancock,4.63,2
2025-05-12,SEA,NYY,Emerson Hancock,3.29,5
2025-05-17,SEA,SDP,Emerson Hancock,3.35,3
2025-05-23,SEA,HOU,Emerson Hancock,3.7,3
2025-05-29,SEA,WSN,Emerson Hancock,3.49,4
2025-06-04,SEA,BAL,Emerson Hancock,4.74,6
2025-05-11,TOR,SEA,Eric Lauer,2.89,5
2025-05-23,TOR,TBR,Eric Lauer,3.62,2
2025-06-03,TOR,PHI,Eric Lauer,2.67,2
2025-04-09,STL,PIT,Erick Fedde,1.35,2
2025-04-15,STL,HOU,Erick Fedde,3.05,5
2025-04-21,STL,ATL,Erick Fedde,3.25,3
2025-04-27,STL,MIL,Erick Fedde,3.06,4
2025-05-04,STL,NYM,Erick Fedde,3.15,4
2025-05-09,STL,WSN,Erick Fedde,5.4,8
2025-05-14,STL,PHI,Erick Fedde,4.96,3
2025-05-20,STL,DET,Erick Fedde,4.48,2
2025-05-26,STL,BAL,Erick Fedde,3.33,5
2025-06-01,STL,TEX,Erick Fedde,3.72,5
2025-06-07,STL,LAD,Erick Fedde,3.95,2
2025-04-02,HOU,SFG,Framber Valdez,6.44,9
2025-04-08,HOU,SEA,Framber Valdez,7.48,8
2025-04-14,HOU,STL,Framber Valdez,5.95,3
2025-04-20,HOU,SDP,Framber Valdez,4.77,2
2025-04-26,HOU,KCR,Framber Valdez,3.62,5
2025-05-02,HOU,CHW,Framber Valdez,4.83,6
2025-05-07,HOU,MIL,Framber Valdez,5.74,7
2025-05-13,HOU,KCR,Framber Valdez,5.77,7
2025-05-18,HOU,TEX,Framber Valdez,7.94,8
2025-05-24,HOU,SEA,Framber Valdez,6.65,5
2025-05-30,HOU,TBR,Framber Valdez,8.19,9
2025-06-05,HOU,PIT,Framber Valdez,9.61,11
2025-04-02,MIL,KCR,Freddy Peralta,8.24,8
2025-04-08,MIL,COL,Freddy Peralta,7.54,6
2025-04-13,MIL,ARI,Freddy Peralta,6.25,6
2025-04-18,MIL,ATH,Freddy Peralta,5.83,5
2025-04-23,MIL,SFG,Freddy Peralta,4.7,3
2025-04-29,MIL,CHW,Freddy Peralta,4.51,5
2025-05-04,MIL,CHC,Freddy Peralta,5.2,7
2025-05-12,MIL,CLE,Freddy Peralta,5.22,4
2025-05-18,MIL,MIN,Freddy Peralta,5.54,5
2025-05-23,MIL,PIT,Freddy Peralta,3.39,3
2025-05-28,MIL,BOS,Freddy Peralta,4.85,6
2025-06-03,MIL,CIN,Freddy Peralta,6.36,9
2025-04-02,BOS,BAL,Garrett Crochet,4.84,8
2025-04-08,BOS,TOR,Garrett Crochet,6.1,5
2025-04-13,BOS,CHW,Garrett Crochet,8.82,11
2025-04-19,BOS,CHW,Garrett Crochet,8.15,7
2025-04-24,BOS,SEA,Garrett Crochet,9.08,9
2025-04-29,BOS,TOR,Garrett Crochet,6.87,6
2025-05-04,BOS,MIN,Garrett Crochet,7.41,6
2025-05-10,BOS,KCR,Garrett Crochet,7.94,9
2025-05-16,BOS,ATL,Garrett Crochet,8.23,8
2025-05-21,BOS,NYM,Garrett Crochet,7.86,5
2025-05-26,BOS,MIL,Garrett Crochet,8.58,11
2025-06-01,BOS,ATL,Garrett Crochet,9.65,12
2025-06-07,BOS,NYY,Garrett Crochet,9.96,9
2025-04-10,CLE,CHW,Gavin Williams,4.93,7
2025-04-16,CLE,BAL,Gavin Williams,5.38,4
2025-04-21,CLE,NYY,Gavin Williams,6.15,8
2025-05-03,CLE,TOR,Gavin Williams,6.51,9
2025-05-09,CLE,PHI,Gavin Williams,6.77,8
2025-05-14,CLE,MIL,Gavin Williams,8.69,6
2025-05-21,CLE,MIN,Gavin Williams,6.13,6
2025-05-26,CLE,LAD,Gavin Williams,5.17,3
2025-06-01,CLE,LAA,Gavin Williams,5.34,6
2025-06-07,CLE,HOU,Gavin Williams,5.13,5
2025-05-28,SEA,WSN,George Kirby,3.58,4
2025-06-03,SEA,BAL,George Kirby,3.57,3
2025-04-05,COL,ATH,Germán Márquez,3.8,3
2025-04-11,COL,SDP,Germán Márquez,3.32,3
2025-04-24,COL,KCR,Germán Márquez,1.96,3
2025-04-29,COL,ATL,Germán Márquez,1.56,1
2025-05-04,COL,SFG,Germán Márquez,1.56,3
2025-05-11,COL,SDP,Germán Márquez,2.3,2
2025-05-22,COL,PHI,Germán Márquez,3.03,5
2025-05-27,COL,CHC,Germán Márquez,3.85,6
2025-06-02,COL,MIA,Germán Márquez,5.99,6
2025-06-07,COL,NYM,Germán Márquez,4.77,3
2025-04-30,STL,CIN,Gordon Graceffo,3.26,5
2025-03-31,ATL,LAD,Grant Holmes,2.08,3
2025-04-09,ATL,PHI,Grant Holmes,3.61,6
2025-04-14,ATL,TOR,Grant Holmes,4.49,4
2025-04-20,ATL,MIN,Grant Holmes,6.07,7
2025-04-26,ATL,ARI,Grant Holmes,4.91,4
2025-05-02,ATL,LAD,Grant Holmes,6.83,9
2025-05-07,ATL,CIN,Grant Holmes,6.15,5
2025-05-12,ATL,WSN,Grant Holmes,6.16,4
2025-05-17,ATL,BOS,Grant Holmes,4.93,5
2025-05-24,ATL,SDP,Grant Holmes,4.87,6
2025-05-30,ATL,BOS,Grant Holmes,6.27,9
2025-04-05,NYM,TOR,Griffin Canning,5.09,6
2025-04-11,NYM,ATH,Griffin Canning,4.07,3
2025-04-17,NYM,STL,Griffin Canning,5.82,8
2025-04-22,NYM,PHI,Griffin Canning,5.6,5
2025-04-28,NYM,WSN,Griffin Canning,5.89,5
2025-05-05,NYM,ARI,Griffin Canning,5.24,6
2025-05-11,NYM,CHC,Griffin Canning,5.51,5
2025-05-17,NYM,NYY,Griffin Canning,4.93,4
2025-06-04,NYM,LAD,Griffin Canning,4.3,7
2025-05-07,ATH,SEA,Gunnar Hoglund,5.17,3
2025-05-14,ATH,LAD,Gunnar Hoglund,4.91,5
2025-05-20,ATH,LAA,Gunnar Hoglund,4.64,5
2025-05-25,ATH,PHI,Gunnar Hoglund,3.73,2
2025-05-31,ATH,TOR,Gunnar Hoglund,2.18,1
2025-05-20,SFG,KCR,Hayden Birdsong,3.41,4
2025-05-26,SFG,DET,Hayden Birdsong,4.37,6
2025-06-01,SFG,MIA,Hayden Birdsong,4.91,5
2025-06-06,SFG,ATL,Hayden Birdsong,5.43,5
2025-04-07,HOU,SEA,Hayden Wesneski,5.25,5
2025-04-13,HOU,LAA,Hayden Wesneski,7.67,10
2025-04-19,HOU,SDP,Hayden Wesneski,6.27,4
2025-04-25,HOU,KCR,Hayden Wesneski,4.91,1
2025-05-06,HOU,MIL,Hayden Wesneski,2.56,3
2025-04-03,HOU,MIN,Hunter Brown,7.48,8
2025-04-09,HOU,SEA,Hunter Brown,5.92,3
2025-04-15,HOU,STL,Hunter Brown,4.94,4
2025-04-21,HOU,TOR,Hunter Brown,7.03,9
2025-04-27,HOU,KCR,Hunter Brown,7.72,9
2025-05-03,HOU,CHW,Hunter Brown,9.57,9
2025-05-09,HOU,CIN,Hunter Brown,9.39,9
2025-05-15,HOU,TEX,Hunter Brown,9.47,9
2025-05-21,HOU,TBR,Hunter Brown,7.53,4
2025-05-27,HOU,ATH,Hunter Brown,7.82,8
2025-06-01,HOU,TBR,Hunter Brown,5.97,5
2025-06-07,HOU,CLE,Hunter Brown,8.03,9
2025-04-18,BOS,CHW,Hunter Dobbins,5.57,6
2025-05-03,BOS,MIN,Hunter Dobbins,4.84,2
2025-05-09,BOS,KCR,Hunter Dobbins,4.94,6
2025-05-14,BOS,DET,Hunter Dobbins,3.85,4
2025-05-19,BOS,NYM,Hunter Dobbins,3.76,2
2025-05-24,BOS,BAL,Hunter Dobbins,4.6,7
2025-06-02,BOS,LAA,Hunter Dobbins,3.83,4
2025-04-02,CIN,TEX,Hunter Greene,8.38,8
2025-04-07,CIN,SFG,Hunter Greene,7.78,7
2025-04-13,CIN,PIT,Hunter Greene,7.15,8
2025-04-26,CIN,COL,Hunter Greene,6.18,8
2025-05-02,CIN,WSN,Hunter Greene,8.01,12
2025-05-23,CIN,CHC,Hunter Greene,4.44,2
2025-05-28,CIN,KCR,Hunter Greene,3.54,3
2025-06-03,CIN,MIL,Hunter Greene,3.77,7
2025-04-18,ATH,MIL,J.T. Ginn,5.95,7
2025-04-24,ATH,TEX,J.T. Ginn,5.09,2
2025-05-19,ATH,LAA,J.T. Ginn,5.88,7
2025-04-05,ATH,COL,JP Sears,4.85,2
2025-04-11,ATH,NYM,JP Sears,5.6,7
2025-04-17,ATH,CHW,JP Sears,3.77,2
2025-04-23,ATH,TEX,JP Sears,4.92,5
2025-04-28,ATH,TEX,JP Sears,4.83,7
2025-05-04,ATH,MIA,JP Sears,4.75,2
2025-05-10,ATH,NYY,JP Sears,4.67,4
2025-05-16,ATH,SFG,JP Sears,2.56,2
2025-05-21,ATH,LAA,JP Sears,3.34,4
2025-06-01,ATH,TOR,JP Sears,2.6,3
2025-06-06,ATH,BAL,JP Sears,2.01,3
2025-04-04,DET,CHW,Jack Flaherty,6.11,7
2025-04-09,DET,NYY,Jack Flaherty,7.58,9
2025-04-15,DET,MIL,Jack Flaherty,5.94,4
2025-04-22,DET,SDP,Jack Flaherty,7.65,9
2025-04-28,DET,HOU,Jack Flaherty,5.69,4
2025-05-03,DET,LAA,Jack Flaherty,7.52,8
2025-05-16,DET,TOR,Jack Flaherty,5.84,6
2025-05-22,DET,CLE,Jack Flaherty,6.09,8
2025-05-27,DET,SFG,Jack Flaherty,7.66,8
2025-06-02,DET,CHW,Jack Flaherty,5.99,4
2025-04-05,LAA,CLE,Jack Kochanowicz,3.83,4
2025-04-11,LAA,HOU,Jack Kochanowicz,2.9,1
2025-04-17,LAA,TEX,Jack Kochanowicz,1.93,1
2025-04-23,LAA,PIT,Jack Kochanowicz,1.9,3
2025-04-29,LAA,SEA,Jack Kochanowicz,3.53,6
2025-05-04,LAA,DET,Jack Kochanowicz,3.67,1
2025-05-10,LAA,BAL,Jack Kochanowicz,3.91,4
2025-05-16,LAA,LAD,Jack Kochanowicz,3.69,5
2025-05-21,LAA,ATH,Jack Kochanowicz,4.74,6
2025-05-26,LAA,NYY,Jack Kochanowicz,4.7,5
2025-06-01,LAA,CLE,Jack Kochanowicz,4.65,4
2025-04-02,TEX,CIN,Jack Leiter,4.91,6
2025-05-02,TEX,SEA,Jack Leiter,3.61,2
2025-05-08,TEX,BOS,Jack Leiter,3.05,3
2025-05-13,TEX,COL,Jack Leiter,3.91,5
2025-05-18,TEX,HOU,Jack Leiter,4.11,4
2025-05-24,TEX,CHW,Jack Leiter,3.64,3
2025-05-30,TEX,STL,Jack Leiter,5.01,6
2025-06-05,TEX,TBR,Jack Leiter,4.68,6
2025-04-06,DET,CHW,Jackson Jobe,3.64,4
2025-04-12,DET,MIN,Jackson Jobe,2.61,2
2025-04-18,DET,KCR,Jackson Jobe,3.7,5
2025-04-30,DET,HOU,Jackson Jobe,3.49,4
2025-05-07,DET,COL,Jackson Jobe,3.46,2
2025-05-12,DET,BOS,Jackson Jobe,4.85,7
2025-05-18,DET,TOR,Jackson Jobe,4.55,5
2025-05-23,DET,CLE,Jackson Jobe,5.38,3
2025-05-28,DET,SFG,Jackson Jobe,3.89,4
2025-05-23,ATH,PHI,Jacob Lopez,6.06,8
2025-06-03,ATH,MIN,Jacob Lopez,6.25,9
2025-04-05,TEX,TBR,Jacob deGrom,4.64,3
2025-04-11,TEX,SEA,Jacob deGrom,4.3,4
2025-04-18,TEX,LAD,Jacob deGrom,5.07,7
2025-04-24,TEX,ATH,Jacob deGrom,5.7,6
2025-04-29,TEX,ATH,Jacob deGrom,6.42,7
2025-05-04,TEX,SEA,Jacob deGrom,5.51,3
2025-05-10,TEX,DET,Jacob deGrom,6.2,10
2025-05-15,TEX,HOU,Jacob deGrom,6.46,7
2025-05-21,TEX,NYY,Jacob deGrom,8.69,9
2025-05-26,TEX,TOR,Jacob deGrom,3.72,0
2025-06-01,TEX,STL,Jacob deGrom,4.96,4
2025-06-07,TEX,WSN,Jacob deGrom,3.86,8
2025-04-04,WSN,ARI,Jake Irvin,2.33,3
2025-04-09,WSN,LAD,Jake Irvin,3.95,7
2025-04-15,WSN,PIT,Jake Irvin,5.36,6
2025-04-20,WSN,COL,Jake Irvin,7.59,9
2025-04-25,WSN,NYM,Jake Irvin,5.28,4
2025-04-30,WSN,PHI,Jake Irvin,4.71,2
2025-05-06,WSN,CLE,Jake Irvin,1.41,0
2025-05-12,WSN,ATL,Jake Irvin,0.74,1
2025-05-17,WSN,BAL,Jake Irvin,2.38,6
2025-05-24,WSN,SFG,Jake Irvin,5.39,7
2025-05-30,WSN,ARI,Jake Irvin,4.54,0
2025-06-05,WSN,CHC,Jake Irvin,2.82,3
2025-04-02,CHC,ATH,Jameson Taillon,3.67,7
2025-04-08,CHC,TEX,Jameson Taillon,5.14,6
2025-04-14,CHC,SDP,Jameson Taillon,5.75,4
2025-04-20,CHC,ARI,Jameson Taillon,5.49,6
2025-04-27,CHC,PHI,Jameson Taillon,3.95,2
2025-05-03,CHC,MIL,Jameson Taillon,4.54,5
2025-05-09,CHC,NYM,Jameson Taillon,3.64,4
2025-05-14,CHC,MIA,Jameson Taillon,5.49,7
2025-05-20,CHC,MIA,Jameson Taillon,4.62,2
2025-05-26,CHC,COL,Jameson Taillon,5.84,7
2025-06-01,CHC,CIN,Jameson Taillon,3.45,2
2025-06-07,CHC,DET,Jameson Taillon,4.94,5
2025-05-30,MIA,SFG,Janson Junk,4.63,5
2025-06-04,MIA,COL,Janson Junk,5.14,6
2025-04-08,ATH,SDP,Jeffrey Springs,5.46,4
2025-04-15,ATH,CHW,Jeffrey Springs,3.99,4
2025-04-26,ATH,CHW,Jeffrey Springs,3.94,4
2025-05-01,ATH,TEX,Jeffrey Springs,2.52,1
2025-05-06,ATH,SEA,Jeffrey Springs,3.27,4
2025-05-13,ATH,LAD,Jeffrey Springs,3.17,4
2025-05-18,ATH,SFG,Jeffrey Springs,4.79,5
2025-05-24,ATH,PHI,Jeffrey Springs,4.95,6
2025-06-04,ATH,MIN,Jeffrey Springs,5.12,7
2025-04-04,PHI,LAD,Jesús Luzardo,8.86,8
2025-04-10,PHI,ATL,Jesús Luzardo,8.17,6
2025-04-15,PHI,SFG,Jesús Luzardo,6.14,4
2025-04-20,PHI,MIA,Jesús Luzardo,6.09,7
2025-04-26,PHI,CHC,Jesús Luzardo,5.58,5
2025-05-02,PHI,ARI,Jesús Luzardo,6.02,6
2025-05-08,PHI,TBR,Jesús Luzardo,5.06,4
2025-05-14,PHI,STL,Jesús Luzardo,5.63,6
2025-05-20,PHI,COL,Jesús Luzardo,6.25,10
2025-05-25,PHI,ATH,Jesús Luzardo,8.97,10
2025-04-03,MIN,HOU,Joe Ryan,5.49,6
2025-04-09,MIN,KCR,Joe Ryan,4.91,4
2025-04-14,MIN,NYM,Joe Ryan,6.16,8
2025-04-20,MIN,ATL,Joe Ryan,5.72,5
2025-04-27,MIN,LAA,Joe Ryan,8.41,11
2025-05-02,MIN,BOS,Joe Ryan,8.42,8
2025-05-10,MIN,SFG,Joe Ryan,8.62,7
2025-05-16,MIN,MIL,Joe Ryan,8.24,9
2025-05-19,MIN,CLE,Joe Ryan,6.43,4
2025-05-27,MIN,TBR,Joe Ryan,5.92,5
2025-06-02,MIN,ATH,Joe Ryan,4.49,4
2025-05-27,PIT,ARI,Joey Wentz,1.93,4
2025-04-04,CHW,DET,Jonathan Cannon,4.15,3
2025-04-10,CHW,CLE,Jonathan Cannon,4.99,6
2025-04-16,CHW,ATH,Jonathan Cannon,4.42,4
2025-04-21,CHW,BOS,Jonathan Cannon,5.1,4
2025-04-26,CHW,ATH,Jonathan Cannon,4.39,5
2025-05-02,CHW,HOU,Jonathan Cannon,5.07,5
2025-05-07,CHW,KCR,Jonathan Cannon,2.49,1
2025-05-13,CHW,CIN,Jonathan Cannon,3.9,6
2025-05-18,CHW,CHC,Jonathan Cannon,3.42,3
2025-05-27,CHW,NYM,Jonathan Cannon,4.51,4
2025-04-06,SFG,SEA,Jordan Hicks,5.54,5
2025-04-12,SFG,NYY,Jordan Hicks,4.71,3
2025-04-17,SFG,PHI,Jordan Hicks,4.22,5
2025-04-22,SFG,MIL,Jordan Hicks,4.18,5
2025-04-27,SFG,TEX,Jordan Hicks,4.85,3
2025-05-03,SFG,COL,Jordan Hicks,5.12,7
2025-05-09,SFG,MIN,Jordan Hicks,5.23,6
2025-04-16,MIL,DET,Jose Quintana,2.9,4
2025-04-22,MIL,SFG,Jose Quintana,2.81,3
2025-04-27,MIL,STL,Jose Quintana,4.42,6
2025-05-03,MIL,CHC,Jose Quintana,5.2,6
2025-05-09,MIL,TBR,Jose Quintana,4.86,3
2025-06-01,MIL,PHI,Jose Quintana,3.61,3
2025-06-07,MIL,SDP,Jose Quintana,3.78,4
2025-04-01,TOR,WSN,José Berríos,6.19,8
2025-04-07,TOR,BOS,José Berríos,4.76,2
2025-04-13,TOR,BAL,José Berríos,5.33,6
2025-04-19,TOR,SEA,José Berríos,3.69,3
2025-04-25,TOR,NYY,José Berríos,4.61,4
2025-05-01,TOR,BOS,José Berríos,5.25,8
2025-05-07,TOR,LAA,José Berríos,7.54,9
2025-05-13,TOR,TBR,José Berríos,7.21,4
2025-05-18,TOR,DET,José Berríos,5.76,4
2025-05-24,TOR,TBR,José Berríos,3.77,3
2025-05-29,TOR,ATH,José Berríos,5.57,9
2025-06-04,TOR,PHI,José Berríos,5.99,5
2025-04-04,LAA,CLE,José Soriano,7.37,9
2025-04-10,LAA,TBR,José Soriano,5.06,4
2025-04-16,LAA,TEX,José Soriano,4.73,2
2025-04-27,LAA,MIN,José Soriano,2.7,4
2025-05-02,LAA,DET,José Soriano,3.67,5
2025-05-08,LAA,TOR,José Soriano,5.25,6
2025-05-13,LAA,SDP,José Soriano,5.11,5
2025-05-19,LAA,ATH,José Soriano,4.56,4
2025-05-24,LAA,MIA,José Soriano,2.67,1
2025-05-30,LAA,CLE,José Soriano,2.34,2
2025-06-04,LAA,BOS,José Soriano,2.44,3
2025-05-06,TOR,LAA,José Ureña,2.11,2
2025-03-27,CHC,ARI,Justin Steele,3.22,2
2025-04-01,CHC,ATH,Justin Steele,4.41,6
2025-04-07,CHC,TEX,Justin Steele,5.74,8
2025-04-09,SFG,CIN,Justin Verlander,5.85,9
2025-04-15,SFG,PHI,Justin Verlander,3.36,1
2025-04-20,SFG,LAA,Justin Verlander,5.1,6
2025-04-25,SFG,TEX,Justin Verlander,4.06,5
2025-05-01,SFG,COL,Justin Verlander,5.28,4
2025-05-06,SFG,CHC,Justin Verlander,3.72,3
2025-05-12,SFG,ARI,Justin Verlander,4.05,5
2025-05-18,SFG,ATH,Justin Verlander,2.94,1
2025-05-15,LAD,ATH,Justin Wrobleski,3.76,4
2025-06-06,LAD,STL,Justin Wrobleski,4.27,5
2025-04-21,DET,SDP,Keider Montero,5.46,3
2025-04-26,DET,BAL,Keider Montero,4.53,2
2025-05-08,DET,COL,Keider Montero,2.51,2
2025-05-19,DET,STL,Keider Montero,2.88,3
2025-05-26,DET,SFG,Keider Montero,2.97,3
2025-06-01,DET,KCR,Keider Montero,2.55,2
2025-06-07,DET,CHC,Keider Montero,3.02,4
2025-04-04,TOR,NYM,Kevin Gausman,1.93,0
2025-04-09,TOR,BOS,Kevin Gausman,6.32,10
2025-04-15,TOR,ATL,Kevin Gausman,7.03,6
2025-04-21,TOR,HOU,Kevin Gausman,7.01,6
2025-05-03,TOR,CLE,Kevin Gausman,6.12,9
2025-05-09,TOR,SEA,Kevin Gausman,4.66,3
2025-05-15,TOR,TBR,Kevin Gausman,6.16,6
2025-05-21,TOR,SDP,Kevin Gausman,6.52,9
2025-05-26,TOR,TEX,Kevin Gausman,7.33,6
2025-06-01,TOR,ATH,Kevin Gausman,7.3,7
2025-06-07,TOR,MIN,Kevin Gausman,6.19,5
2025-04-07,NYM,MIA,Kodai Senga,6.15,4
2025-04-13,NYM,ATH,Kodai Senga,5.28,4
2025-04-19,NYM,STL,Kodai Senga,4.07,4
2025-04-25,NYM,WSN,Kodai Senga,4.79,5
2025-05-01,NYM,ARI,Kodai Senga,5.11,6
2025-05-07,NYM,ARI,Kodai Senga,4.7,4
2025-05-13,NYM,PIT,Kodai Senga,5.92,7
2025-05-19,NYM,BOS,Kodai Senga,5.2,5
2025-05-25,NYM,LAD,Kodai Senga,6.21,5
2025-05-31,NYM,COL,Kodai Senga,6.28,7
2025-06-06,NYM,COL,Kodai Senga,5.68,6
2025-05-03,CLE,TOR,Kolby Allard,0.97,3
2025-05-28,CLE,LAD,Kolby Allard,1.47,3
2025-04-06,KCR,BAL,Kris Bubic,8.45,8
2025-04-11,KCR,CLE,Kris Bubic,7.66,5
2025-04-16,KCR,NYY,Kris Bubic,6.26,6
2025-04-22,KCR,COL,Kris Bubic,5.78,6
2025-04-27,KCR,HOU,Kris Bubic,5.57,4
2025-05-03,KCR,BAL,Kris Bubic,4.51,3
2025-05-08,KCR,CHW,Kris Bubic,5.1,7
2025-05-13,KCR,HOU,Kris Bubic,5.97,9
2025-05-19,KCR,SFG,Kris Bubic,6.61,5
2025-05-25,KCR,MIN,Kris Bubic,7.91,9
2025-06-01,KCR,DET,Kris Bubic,8.09,9
2025-04-06,TEX,TBR,Kumar Rocker,2.05,1
2025-04-17,TEX,LAA,Kumar Rocker,3.61,8
2025-04-02,COL,PHI,Kyle Freeland,5.28,3
2025-04-08,COL,MIL,Kyle Freeland,5.42,5
2025-04-13,COL,SDP,Kyle Freeland,2.83,2
2025-04-25,COL,CIN,Kyle Freeland,2.72,4
2025-05-01,COL,SFG,Kyle Freeland,3.49,5
2025-05-13,COL,TEX,Kyle Freeland,3.77,5
2025-05-19,COL,PHI,Kyle Freeland,4.69,6
2025-05-24,COL,NYY,Kyle Freeland,5.07,3
2025-05-30,COL,NYM,Kyle Freeland,4.54,4
2025-06-04,COL,MIA,Kyle Freeland,3.76,4
2025-05-04,BAL,KCR,Kyle Gibson,1.78,3
2025-05-10,BAL,LAA,Kyle Gibson,2.56,4
2025-05-24,SFG,WSN,Kyle Harrison,1.93,4
2025-05-30,SFG,MIA,Kyle Harrison,3.53,5
2025-06-04,SFG,SDP,Kyle Harrison,3.78,3
2025-04-12,SDP,COL,Kyle Hart,2.66,4
2025-04-18,SDP,HOU,Kyle Hart,1.89,2
2025-04-23,SDP,DET,Kyle Hart,3.53,6
2025-05-28,SDP,MIA,Kyle Hart,2.93,1
2025-04-08,LAA,TBR,Kyle Hendricks,3.69,4
2025-04-13,LAA,HOU,Kyle Hendricks,2.82,1
2025-04-19,LAA,SFG,Kyle Hendricks,2.03,1
2025-05-03,LAA,DET,Kyle Hendricks,2.21,3
2025-05-09,LAA,BAL,Kyle Hendricks,3.61,5
2025-05-14,LAA,SDP,Kyle Hendricks,3.98,4
2025-05-20,LAA,ATH,Kyle Hendricks,3.84,3
2025-05-25,LAA,MIA,Kyle Hendricks,4.07,5
2025-05-31,LAA,CLE,Kyle Hendricks,5.0,6
2025-06-06,LAA,SEA,Kyle Hendricks,3.83,2
2025-05-16,HOU,TEX,Lance McCullers Jr.,1.86,2
2025-05-22,HOU,SEA,Lance McCullers Jr.,3.3,8
2025-05-28,HOU,ATH,Lance McCullers Jr.,8.34,12
2025-06-03,HOU,PIT,Lance McCullers Jr.,8.07,7
2025-04-08,SFG,CIN,Landen Roupp,6.09,4
2025-04-14,SFG,PHI,Landen Roupp,5.92,8
2025-04-19,SFG,LAA,Landen Roupp,7.52,9
2025-04-24,SFG,MIL,Landen Roupp,6.21,2
2025-04-30,SFG,SDP,Landen Roupp,4.83,4
2025-05-05,SFG,CHC,Landen Roupp,3.2,4
2025-05-11,SFG,MIN,Landen Roupp,3.44,3
2025-05-17,SFG,ATH,Landen Roupp,3.97,5
2025-05-23,SFG,WSN,Landen Roupp,3.47,2
2025-05-28,SFG,DET,Landen Roupp,4.99,7
2025-06-03,SFG,SDP,Landen Roupp,5.18,5
2025-04-15,LAD,COL,Landon Knack,2.24,2
2025-05-07,LAD,MIA,Landon Knack,2.82,5
2025-05-13,LAD,ATH,Landon Knack,5.11,8
2025-05-19,LAD,ARI,Landon Knack,5.49,3
2025-05-25,LAD,NYM,Landon Knack,5.25,5
2025-05-31,LAD,NYY,Landon Knack,5.11,6
2025-04-09,CLE,CHW,Logan Allen,2.82,4
2025-04-15,CLE,BAL,Logan Allen,4.04,6
2025-04-20,CLE,PIT,Logan Allen,4.88,5
2025-04-27,CLE,BOS,Logan Allen,4.64,2
2025-05-02,CLE,TOR,Logan Allen,3.66,4
2025-05-07,CLE,WSN,Logan Allen,3.6,3
2025-05-13,CLE,MIL,Logan Allen,4.7,6
2025-05-25,CLE,DET,Logan Allen,3.47,2
2025-06-06,CLE,HOU,Logan Allen,2.1,2
2025-05-04,SEA,TEX,Logan Evans,3.66,5
2025-05-10,SEA,TOR,Logan Evans,3.69,3
2025-05-16,SEA,SDP,Logan Evans,3.82,3
2025-05-21,SEA,CHW,Logan Evans,4.62,7
2025-05-27,SEA,WSN,Logan Evans,4.65,4
2025-04-01,SEA,DET,Logan Gilbert,8.45,10
2025-04-07,SEA,HOU,Logan Gilbert,8.11,7
2025-04-13,SEA,TEX,Logan Gilbert,8.23,7
2025-04-19,SEA,TOR,Logan Gilbert,7.89,9
2025-05-14,MIL,CLE,Logan Henderson,8.25,7
2025-05-20,MIL,BAL,Logan Henderson,7.95,7
2025-05-25,MIL,PIT,Logan Henderson,5.97,6
2025-04-01,SFG,HOU,Logan Webb,5.25,6
2025-04-07,SFG,CIN,Logan Webb,8.27,10
2025-04-13,SFG,NYY,Logan Webb,7.71,5
2025-04-18,SFG,LAA,Logan Webb,9.47,12
2025-04-23,SFG,MIL,Logan Webb,8.02,6
2025-04-29,SFG,SDP,Logan Webb,8.42,6
2025-05-04,SFG,COL,Logan Webb,5.97,6
2025-05-10,SFG,MIN,Logan Webb,7.85,9
2025-05-16,SFG,ATH,Logan Webb,4.49,4
2025-05-21,SFG,KCR,Logan Webb,5.78,5
2025-05-27,SFG,DET,Logan Webb,6.32,10
2025-06-02,SFG,SDP,Logan Webb,7.46,7
2025-06-07,SFG,ATL,Logan Webb,8.37,10
2025-05-06,BOS,TEX,Lucas Giolito,4.66,2
2025-05-11,BOS,KCR,Lucas Giolito,4.76,5
2025-05-17,BOS,ATL,Lucas Giolito,3.33,3
2025-05-24,BOS,BAL,Lucas Giolito,5.11,6
2025-05-30,BOS,ATL,Lucas Giolito,3.65,3
2025-04-02,SEA,DET,Luis Castillo,4.85,5
2025-04-08,SEA,HOU,Luis Castillo,4.66,6
2025-04-09,SEA,HOU,Luis Castillo,3.84,3
2025-04-15,SEA,CIN,Luis Castillo,4.03,3
2025-04-20,SEA,TOR,Luis Castillo,4.22,5
2025-04-26,SEA,MIA,Luis Castillo,4.61,5
2025-05-03,SEA,TEX,Luis Castillo,3.91,2
2025-05-09,SEA,TOR,Luis Castillo,3.57,3
2025-05-14,SEA,NYY,Luis Castillo,3.91,6
2025-05-19,SEA,CHW,Luis Castillo,4.92,5
2025-05-25,SEA,HOU,Luis Castillo,6.08,6
2025-06-01,SEA,MIN,Luis Castillo,5.83,5
2025-06-07,SEA,LAA,Luis Castillo,5.36,5
2025-04-06,CLE,LAA,Luis Ortiz,2.02,3
2025-04-12,CLE,KCR,Luis Ortiz,5.25,10
2025-04-18,CLE,PIT,Luis Ortiz,7.44,8
2025-04-23,CLE,NYY,Luis Ortiz,7.9,8
2025-04-30,CLE,MIN,Luis Ortiz,7.61,5
2025-05-06,CLE,WSN,Luis Ortiz,5.52,4
2025-05-11,CLE,PHI,Luis Ortiz,6.17,9
2025-05-18,CLE,CIN,Luis Ortiz,6.2,7
2025-05-24,CLE,DET,Luis Ortiz,6.51,3
2025-05-30,CLE,LAA,Luis Ortiz,5.38,5
2025-06-04,CLE,NYY,Luis Ortiz,5.09,7
2025-04-01,ATH,CHC,Luis Severino,5.16,6
2025-04-07,ATH,SDP,Luis Severino,4.38,3
2025-04-13,ATH,NYM,Luis Severino,4.91,6
2025-04-19,ATH,MIL,Luis Severino,2.16,1
2025-04-25,ATH,CHW,Luis Severino,5.55,7
2025-04-30,ATH,TEX,Luis Severino,4.01,4
2025-05-05,ATH,SEA,Luis Severino,5.58,5
2025-05-11,ATH,NYY,Luis Severino,3.79,2
2025-05-17,ATH,SFG,Luis Severino,3.84,5
2025-05-22,ATH,LAA,Luis Severino,4.05,5
2025-05-28,ATH,HOU,Luis Severino,4.96,4
2025-06-02,ATH,MIN,Luis Severino,2.76,1
2025-06-07,ATH,BAL,Luis Severino,2.58,5
2025-04-02,WSN,TOR,MacKenzie Gore,8.46,5
2025-04-07,WSN,LAD,MacKenzie Gore,8.14,7
2025-04-13,WSN,MIA,MacKenzie Gore,6.28,7
2025-04-19,WSN,COL,MacKenzie Gore,9.18,13
2025-04-24,WSN,BAL,MacKenzie Gore,9.31,8
2025-04-29,WSN,PHI,MacKenzie Gore,8.34,6
2025-05-04,WSN,CIN,MacKenzie Gore,7.73,9
2025-05-11,WSN,STL,MacKenzie Gore,7.61,7
2025-05-16,WSN,BAL,MacKenzie Gore,9.15,9
2025-05-23,WSN,SFG,MacKenzie Gore,7.78,9
2025-05-29,WSN,SEA,MacKenzie Gore,7.87,8
2025-06-04,WSN,CHC,MacKenzie Gore,8.59,7
2025-04-05,NYY,PIT,Marcus Stroman,2.83,3
2025-04-06,CHW,DET,Martín Pérez,5.67,4
2025-04-12,CHW,BOS,Martín Pérez,6.49,5
2025-04-29,LAD,MIA,Matt Sauer,2.05,4
2025-05-07,LAD,MIA,Matt Sauer,2.65,4
2025-05-15,LAD,ATH,Matt Sauer,2.06,2
2025-04-05,CHC,SDP,Matthew Boyd,5.29,5
2025-04-11,CHC,LAD,Matthew Boyd,5.84,7
2025-04-16,CHC,SDP,Matthew Boyd,5.04,3
2025-04-23,CHC,LAD,Matthew Boyd,4.67,4
2025-04-30,CHC,PIT,Matthew Boyd,4.62,6
2025-05-05,CHC,SFG,Matthew Boyd,6.07,7
2025-05-11,CHC,NYM,Matthew Boyd,7.48,8
2025-05-17,CHC,CHW,Matthew Boyd,8.02,8
2025-05-23,CHC,CIN,Matthew Boyd,6.01,3
2025-05-28,CHC,COL,Matthew Boyd,6.24,8
2025-06-04,CHC,WSN,Matthew Boyd,5.72,6
2025-04-07,STL,PIT,Matthew Liberatore,5.48,7
2025-04-13,STL,PHI,Matthew Liberatore,6.24,7
2025-04-19,STL,NYM,Matthew Liberatore,6.42,6
2025-04-25,STL,MIL,Matthew Liberatore,6.12,4
2025-05-06,STL,PIT,Matthew Liberatore,5.03,8
2025-05-12,STL,PHI,Matthew Liberatore,4.65,4
2025-05-18,STL,KCR,Matthew Liberatore,6.11,5
2025-05-24,STL,ARI,Matthew Liberatore,4.39,4
2025-05-30,STL,TEX,Matthew Liberatore,4.93,5
2025-06-05,STL,KCR,Matthew Liberatore,3.9,2
2025-04-04,NYY,PIT,Max Fried,4.35,6
2025-04-09,NYY,DET,Max Fried,7.84,11
2025-04-15,NYY,KCR,Max Fried,8.72,7
2025-04-20,NYY,TBR,Max Fried,4.9,2
2025-04-27,NYY,TOR,Max Fried,2.65,3
2025-05-02,NYY,TBR,Max Fried,2.87,6
2025-05-07,NYY,SDP,Max Fried,4.46,8
2025-05-13,NYY,SEA,Max Fried,6.29,5
2025-05-18,NYY,NYM,Max Fried,7.7,8
2025-05-24,NYY,COL,Max Fried,6.2,7
2025-05-30,NYY,LAD,Max Fried,6.0,3
2025-06-05,NYY,CLE,Max Fried,5.99,7
2025-04-04,MIA,ATL,Max Meyer,7.72,8
2025-04-09,MIA,NYM,Max Meyer,6.13,4
2025-04-16,MIA,ARI,Max Meyer,6.47,8
2025-04-21,MIA,CIN,Max Meyer,8.33,14
2025-04-27,MIA,SEA,Max Meyer,7.78,6
2025-05-03,MIA,ATH,Max Meyer,6.2,0
2025-05-09,MIA,CHW,Max Meyer,3.91,5
2025-05-16,MIA,TBR,Max Meyer,4.05,7
2025-05-21,MIA,CHC,Max Meyer,5.6,4
2025-06-02,MIA,COL,Max Meyer,3.08,5
2025-04-03,ARI,NYY,Merrill Kelly,1.88,2
2025-04-08,ARI,BAL,Merrill Kelly,2.99,4
2025-04-15,ARI,MIA,Merrill Kelly,4.89,9
2025-04-20,ARI,CHC,Merrill Kelly,5.91,5
2025-04-26,ARI,ATL,Merrill Kelly,6.16,4
2025-05-02,ARI,PHI,Merrill Kelly,3.6,2
2025-05-07,ARI,NYM,Merrill Kelly,3.95,6
2025-05-12,ARI,SFG,Merrill Kelly,5.45,8
2025-05-18,ARI,COL,Merrill Kelly,8.68,11
2025-05-24,ARI,STL,Merrill Kelly,8.07,6
2025-05-30,ARI,WSN,Merrill Kelly,8.02,6
2025-06-04,ARI,ATL,Merrill Kelly,6.28,8
2025-04-01,SDP,CLE,Michael King,8.26,11
2025-04-07,SDP,ATH,Michael King,5.29,2
2025-04-13,SDP,COL,Michael King,7.34,8
2025-04-19,SDP,HOU,Michael King,5.61,7
2025-04-25,SDP,TBR,Michael King,8.26,9
2025-04-30,SDP,SFG,Michael King,7.66,6
2025-05-06,SDP,NYY,Michael King,5.73,2
2025-05-12,SDP,LAA,Michael King,5.52,8
2025-05-18,SDP,SEA,Michael King,6.12,8
2025-04-07,KCR,MIN,Michael Lorenzen,5.2,3
2025-04-12,KCR,CLE,Michael Lorenzen,4.91,4
2025-04-17,KCR,DET,Michael Lorenzen,3.48,3
2025-04-24,KCR,COL,Michael Lorenzen,4.94,7
2025-04-29,KCR,TBR,Michael Lorenzen,5.13,4
2025-05-04,KCR,BAL,Michael Lorenzen,5.32,5
2025-05-09,KCR,BOS,Michael Lorenzen,5.6,7
2025-05-14,KCR,HOU,Michael Lorenzen,5.96,5
2025-05-20,KCR,SFG,Michael Lorenzen,5.97,5
2025-05-26,KCR,CIN,Michael Lorenzen,3.19,2
2025-05-07,WSN,CLE,Michael Soroka,5.47,8
2025-05-13,WSN,ATL,Michael Soroka,4.86,4
2025-05-18,WSN,BAL,Michael Soroka,6.3,8
2025-05-25,WSN,SFG,Michael Soroka,4.91,2
2025-05-31,WSN,ARI,Michael Soroka,4.61,3
2025-06-06,WSN,TEX,Michael Soroka,3.95,7
2025-04-05,KCR,BAL,Michael Wacha,3.38,5
2025-04-10,KCR,MIN,Michael Wacha,3.47,4
2025-04-15,KCR,NYY,Michael Wacha,4.44,4
2025-04-20,KCR,DET,Michael Wacha,4.46,5
2025-04-26,KCR,HOU,Michael Wacha,5.27,6
2025-05-02,KCR,BAL,Michael Wacha,4.94,3
2025-05-07,KCR,CHW,Michael Wacha,5.27,5
2025-05-12,KCR,HOU,Michael Wacha,2.98,3
2025-05-18,KCR,STL,Michael Wacha,5.26,6
2025-05-24,KCR,MIN,Michael Wacha,3.53,1
2025-05-31,KCR,DET,Michael Wacha,4.76,6
2025-06-07,KCR,CHW,Michael Wacha,3.85,5
2025-06-04,PHI,TOR,Mick Abel,5.26,2
2025-06-04,PIT,HOU,Mike Burrows,3.63,6
2025-06-04,CHW,DET,Mike Vasil,3.41,3
2025-04-12,STL,PHI,Miles Mikolas,3.35,6
2025-04-18,STL,NYM,Miles Mikolas,2.56,1
2025-04-23,STL,ATL,Miles Mikolas,2.92,2
2025-04-30,STL,CIN,Miles Mikolas,2.21,4
2025-05-05,STL,PIT,Miles Mikolas,2.43,1
2025-05-11,STL,WSN,Miles Mikolas,3.29,5
2025-05-17,STL,KCR,Miles Mikolas,3.34,4
2025-05-23,STL,ARI,Miles Mikolas,4.67,4
2025-05-28,STL,BAL,Miles Mikolas,3.63,3
2025-06-05,STL,KCR,Miles Mikolas,3.19,2
2025-04-04,PIT,NYY,Mitch Keller,3.87,4
2025-04-09,PIT,STL,Mitch Keller,5.16,6
2025-04-15,PIT,WSN,Mitch Keller,4.18,3
2025-04-20,PIT,CLE,Mitch Keller,4.18,3
2025-04-26,PIT,LAD,Mitch Keller,3.86,6
2025-05-02,PIT,SDP,Mitch Keller,4.05,3
2025-05-07,PIT,STL,Mitch Keller,5.03,6
2025-05-13,PIT,NYM,Mitch Keller,5.99,8
2025-05-19,PIT,CIN,Mitch Keller,6.15,5
2025-05-24,PIT,MIL,Mitch Keller,6.65,7
2025-05-30,PIT,SDP,Mitch Keller,4.54,1
2025-06-05,PIT,HOU,Mitch Keller,4.94,5
2025-04-06,ATH,COL,Mitch Spence,3.49,7
2025-06-05,ATH,MIN,Mitch Spence,2.06,4
2025-04-05,WSN,ARI,Mitchell Parker,3.21,2
2025-04-11,WSN,MIA,Mitchell Parker,3.39,3
2025-04-16,WSN,PIT,Mitchell Parker,3.78,6
2025-04-22,WSN,BAL,Mitchell Parker,3.76,4
2025-04-27,WSN,NYM,Mitchell Parker,2.77,0
2025-05-02,WSN,CIN,Mitchell Parker,1.96,1
2025-05-09,WSN,STL,Mitchell Parker,2.79,5
2025-05-14,WSN,ATL,Mitchell Parker,3.3,6
2025-05-20,WSN,ATL,Mitchell Parker,5.06,4
2025-05-27,WSN,SEA,Mitchell Parker,4.62,4
2025-06-01,WSN,ARI,Mitchell Parker,3.21,2
2025-06-07,WSN,TEX,Mitchell Parker,3.64,5
2025-04-01,TEX,CIN,Nathan Eovaldi,8.66,8
2025-04-07,TEX,CHC,Nathan Eovaldi,7.42,4
2025-04-13,TEX,SEA,Nathan Eovaldi,5.17,3
2025-04-19,TEX,LAD,Nathan Eovaldi,4.99,7
2025-04-25,TEX,SFG,Nathan Eovaldi,5.77,7
2025-04-30,TEX,ATH,Nathan Eovaldi,7.69,8
2025-05-06,TEX,BOS,Nathan Eovaldi,7.53,7
2025-05-11,TEX,DET,Nathan Eovaldi,7.82,7
2025-05-16,TEX,HOU,Nathan Eovaldi,5.93,5
2025-05-22,TEX,NYY,Nathan Eovaldi,5.82,6
2025-04-03,MIL,CIN,Nestor Cortes,4.36,6
2025-04-03,CIN,MIL,Nick Lodolo,2.4,4
2025-04-08,CIN,SFG,Nick Lodolo,2.93,3
2025-04-15,CIN,SEA,Nick Lodolo,4.76,6
2025-04-21,CIN,MIA,Nick Lodolo,4.46,4
2025-04-27,CIN,COL,Nick Lodolo,6.12,9
2025-05-03,CIN,WSN,Nick Lodolo,5.57,4
2025-05-08,CIN,ATL,Nick Lodolo,6.48,7
2025-05-14,CIN,CHW,Nick Lodolo,4.76,4
2025-05-19,CIN,PIT,Nick Lodolo,6.0,7
2025-05-25,CIN,CHC,Nick Lodolo,6.07,6
2025-05-31,CIN,CHC,Nick Lodolo,5.9,5
2025-06-06,CIN,ARI,Nick Lodolo,5.15,4
2025-04-04,CIN,MIL,Nick Martinez,3.3,2
2025-04-09,CIN,SFG,Nick Martinez,4.91,8
2025-04-16,CIN,SEA,Nick Martinez,4.99,4
2025-04-22,CIN,MIA,Nick Martinez,5.33,4
2025-04-28,CIN,STL,Nick Martinez,3.74,3
2025-05-04,CIN,WSN,Nick Martinez,4.73,6
2025-05-09,CIN,HOU,Nick Martinez,4.87,5
2025-05-15,CIN,CHW,Nick Martinez,5.27,3
2025-05-20,CIN,PIT,Nick Martinez,3.82,3
2025-05-26,CIN,KCR,Nick Martinez,2.05,2
2025-06-01,CIN,CHC,Nick Martinez,2.36,2
2025-06-07,CIN,ARI,Nick Martinez,3.68,6
2025-04-11,SDP,COL,Nick Pivetta,6.15,10
2025-04-16,SDP,CHC,Nick Pivetta,6.39,6
2025-04-22,SDP,DET,Nick Pivetta,6.35,6
2025-04-29,SDP,SFG,Nick Pivetta,7.69,9
2025-05-05,SDP,NYY,Nick Pivetta,6.13,5
2025-05-11,SDP,COL,Nick Pivetta,5.88,5
2025-05-17,SDP,SEA,Nick Pivetta,5.91,7
2025-05-23,SDP,ATL,Nick Pivetta,5.97,7
2025-05-30,SDP,PIT,Nick Pivetta,7.69,8
2025-06-04,SDP,SFG,Nick Pivetta,6.28,5
2025-05-17,KCR,STL,Noah Cameron,2.9,3
2025-05-23,KCR,MIN,Noah Cameron,5.19,8
2025-05-28,KCR,CIN,Noah Cameron,4.97,2
2025-06-05,KCR,STL,Noah Cameron,4.88,3
2025-04-04,ATH,COL,Osvaldo Bido,4.74,5
2025-04-09,ATH,SDP,Osvaldo Bido,4.99,5
2025-04-16,ATH,CHW,Osvaldo Bido,3.35,0
2025-04-22,ATH,TEX,Osvaldo Bido,2.46,2
2025-04-27,ATH,CHW,Osvaldo Bido,1.12,1
2025-05-03,ATH,MIA,Osvaldo Bido,2.2,4
2025-05-09,ATH,NYY,Osvaldo Bido,3.73,6
2025-04-02,MIN,CHW,Pablo López,3.9,5
2025-04-08,MIN,KCR,Pablo López,4.86,6
2025-04-25,MIN,LAA,Pablo López,6.0,6
2025-04-30,MIN,CLE,Pablo López,5.91,6
2025-05-06,MIN,BAL,Pablo López,7.96,11
2025-05-11,MIN,SFG,Pablo López,7.93,6
2025-05-17,MIN,MIL,Pablo López,7.74,6
2025-05-23,MIN,KCR,Pablo López,6.09,5
2025-05-28,MIN,TBR,Pablo López,4.93,3
2025-06-03,MIN,ATH,Pablo López,3.67,4
2025-04-16,TEX,LAA,Patrick Corbin,3.0,6
2025-04-22,TEX,ATH,Patrick Corbin,3.18,4
2025-04-28,TEX,ATH,Patrick Corbin,5.14,5
2025-05-03,TEX,SEA,Patrick Corbin,3.72,2
2025-05-09,TEX,DET,Patrick Corbin,3.55,3
2025-05-14,TEX,COL,Patrick Corbin,5.25,9
2025-05-20,TEX,NYY,Patrick Corbin,4.91,3
2025-05-25,TEX,CHW,Patrick Corbin,5.86,6
2025-05-31,TEX,STL,Patrick Corbin,3.76,3
2025-06-06,TEX,WSN,Patrick Corbin,3.77,2
2025-04-02,PIT,TBR,Paul Skenes,5.81,6
2025-04-08,PIT,STL,Paul Skenes,6.45,7
2025-04-14,PIT,WSN,Paul Skenes,6.48,6
2025-04-19,PIT,CLE,Paul Skenes,6.2,4
2025-04-25,PIT,LAD,Paul Skenes,6.29,9
2025-05-01,PIT,CHC,Paul Skenes,5.37,2
2025-05-06,PIT,STL,Paul Skenes,5.59,6
2025-05-12,PIT,NYM,Paul Skenes,4.92,6
2025-05-18,PIT,PHI,Paul Skenes,6.93,9
2025-05-23,PIT,MIL,Paul Skenes,7.91,8
2025-05-28,PIT,ARI,Paul Skenes,8.68,7
2025-06-03,PIT,HOU,Paul Skenes,7.79,8
2025-04-15,MIL,DET,Quinn Priester,3.77,4
2025-04-21,MIL,SFG,Quinn Priester,3.83,3
2025-04-26,MIL,STL,Quinn Priester,3.15,2
2025-05-02,MIL,CHC,Quinn Priester,3.73,4
2025-05-07,MIL,HOU,Quinn Priester,3.51,3
2025-05-13,MIL,CLE,Quinn Priester,3.52,3
2025-05-19,MIL,BAL,Quinn Priester,2.75,2
2025-05-24,MIL,PIT,Quinn Priester,3.66,7
2025-05-30,MIL,PHI,Quinn Priester,3.0,0
2025-06-04,MIL,CIN,Quinn Priester,3.57,4
2025-04-04,SDP,CHC,Randy Vásquez,2.24,2
2025-04-09,SDP,ATH,Randy Vásquez,1.71,1
2025-04-15,SDP,CHC,Randy Vásquez,2.05,2
2025-04-27,SDP,TBR,Randy Vásquez,1.34,1
2025-05-03,SDP,PIT,Randy Vásquez,1.92,3
2025-05-09,SDP,COL,Randy Vásquez,2.82,5
2025-05-14,SDP,LAA,Randy Vásquez,4.86,5
2025-05-21,SDP,TOR,Randy Vásquez,4.84,4
2025-05-26,SDP,MIA,Randy Vásquez,5.04,5
2025-06-06,SDP,MIL,Randy Vásquez,3.0,2
2025-05-10,PHI,CLE,Ranger Suárez,5.22,5
2025-05-16,PHI,PIT,Ranger Suárez,6.07,6
2025-05-22,PHI,COL,Ranger Suárez,4.84,6
2025-05-27,PHI,ATL,Ranger Suárez,6.45,8
2025-06-01,PHI,MIL,Ranger Suárez,3.96,2
2025-06-07,PHI,PIT,Ranger Suárez,5.34,5
2025-04-05,DET,CHW,Reese Olson,5.12,5
2025-04-11,DET,MIN,Reese Olson,4.16,3
2025-04-17,DET,KCR,Reese Olson,4.52,5
2025-04-23,DET,SDP,Reese Olson,5.2,7
2025-04-29,DET,HOU,Reese Olson,6.05,7
2025-05-04,DET,LAA,Reese Olson,7.5,8
2025-05-11,DET,TEX,Reese Olson,6.49,5
2025-05-17,DET,TOR,Reese Olson,5.99,6
2025-04-07,BOS,TOR,Richard Fitts,3.15,4
2025-04-12,BOS,CHW,Richard Fitts,4.52,5
2025-04-05,SFG,SEA,Robbie Ray,3.18,2
2025-04-11,SFG,NYY,Robbie Ray,4.56,7
2025-04-16,SFG,PHI,Robbie Ray,5.75,8
2025-04-21,SFG,MIL,Robbie Ray,5.69,4
2025-04-26,SFG,TEX,Robbie Ray,6.83,8
2025-05-02,SFG,COL,Robbie Ray,6.61,8
2025-05-07,SFG,CHC,Robbie Ray,6.95,5
2025-05-13,SFG,ARI,Robbie Ray,7.78,9
2025-05-19,SFG,KCR,Robbie Ray,7.52,7
2025-05-25,SFG,WSN,Robbie Ray,8.1,7
2025-05-31,SFG,MIA,Robbie Ray,7.52,9
2025-06-05,SFG,SDP,Robbie Ray,8.61,9
2025-04-05,LAD,PHI,Roki Sasaki,3.25,4
2025-04-12,LAD,CHC,Roki Sasaki,2.91,3
2025-04-19,LAD,TEX,Roki Sasaki,3.49,4
2025-04-26,LAD,PIT,Roki Sasaki,3.79,4
2025-05-03,LAD,ATL,Roki Sasaki,3.74,4
2025-05-09,LAD,ARI,Roki Sasaki,2.65,0
2025-04-11,HOU,LAA,Ronel Blanco,6.04,7
2025-04-16,HOU,STL,Ronel Blanco,3.46,1
2025-04-22,HOU,TOR,Ronel Blanco,3.78,3
2025-04-28,HOU,DET,Ronel Blanco,3.56,6
2025-05-05,HOU,MIL,Ronel Blanco,4.95,6
2025-05-11,HOU,CIN,Ronel Blanco,8.16,11
2025-05-17,HOU,TEX,Ronel Blanco,7.4,5
2025-06-03,SDP,SFG,Ryan Bergert,1.01,2
2025-04-04,COL,ATH,Ryan Feltner,4.64,4
2025-04-10,COL,MIL,Ryan Feltner,5.54,7
2025-04-22,COL,KCR,Ryan Feltner,3.85,4
2025-04-28,COL,ATL,Ryan Feltner,2.93,4
2025-04-12,HOU,LAA,Ryan Gusto,3.41,6
2025-04-18,HOU,SDP,Ryan Gusto,2.76,2
2025-04-23,HOU,TOR,Ryan Gusto,4.94,6
2025-04-29,HOU,DET,Ryan Gusto,4.93,6
2025-05-23,HOU,SEA,Ryan Gusto,2.95,6
2025-05-29,HOU,TBR,Ryan Gusto,3.61,4
2025-06-04,HOU,PIT,Ryan Gusto,4.12,3
2025-04-02,TBR,PIT,Ryan Pepiot,5.63,3
2025-04-09,TBR,LAA,Ryan Pepiot,5.57,5
2025-04-15,TBR,BOS,Ryan Pepiot,5.45,8
2025-04-20,TBR,NYY,Ryan Pepiot,6.18,7
2025-04-26,TBR,SDP,Ryan Pepiot,5.96,3
2025-05-02,TBR,NYY,Ryan Pepiot,3.52,1
2025-05-08,TBR,PHI,Ryan Pepiot,2.35,3
2025-05-14,TBR,TOR,Ryan Pepiot,3.52,7
2025-05-19,TBR,HOU,Ryan Pepiot,3.95,2
2025-05-25,TBR,TOR,Ryan Pepiot,5.26,5
2025-05-30,TBR,HOU,Ryan Pepiot,4.44,4
2025-06-05,TBR,TEX,Ryan Pepiot,6.49,8
2025-05-20,MIA,CHC,Ryan Weathers,4.63,4
2025-05-26,MIA,SDP,Ryan Weathers,4.9,6
2025-06-01,MIA,SFG,Ryan Weathers,6.01,7
2025-04-28,NYY,BAL,Ryan Yarbrough,1.38,3
2025-05-03,NYY,TBR,Ryan Yarbrough,1.73,2
2025-05-11,NYY,ATH,Ryan Yarbrough,2.13,2
2025-05-21,NYY,TEX,Ryan Yarbrough,3.81,8
2025-05-26,NYY,LAA,Ryan Yarbrough,5.74,7
2025-06-01,NYY,LAD,Ryan Yarbrough,6.21,5
2025-06-07,NYY,BOS,Ryan Yarbrough,5.15,3
2025-04-29,ARI,NYM,Ryne Nelson,3.26,3
2025-05-05,ARI,NYM,Ryne Nelson,3.32,2
2025-05-20,ARI,LAD,Ryne Nelson,2.65,2
2025-05-26,ARI,PIT,Ryne Nelson,3.66,4
2025-05-31,ARI,WSN,Ryne Nelson,2.29,1
2025-04-01,MIA,NYM,Sandy Alcantara,5.47,4
2025-04-12,MIA,WSN,Sandy Alcantara,3.61,1
2025-04-23,MIA,CIN,Sandy Alcantara,1.92,4
2025-05-05,MIA,LAD,Sandy Alcantara,3.21,4
2025-05-11,MIA,CHW,Sandy Alcantara,4.89,8
2025-05-17,MIA,TBR,Sandy Alcantara,4.9,3
2025-05-23,MIA,LAA,Sandy Alcantara,5.46,6
2025-05-28,MIA,SDP,Sandy Alcantara,2.37,0
2025-06-03,MIA,COL,Sandy Alcantara,3.48,4
2025-06-04,DET,CHW,Sawyer Gipson-Long,2.85,3
2025-04-02,CHW,MIN,Sean Burke,2.02,1
2025-04-20,CHW,BOS,Sean Burke,3.8,5
2025-04-25,CHW,ATH,Sean Burke,3.58,5
2025-05-01,CHW,MIL,Sean Burke,5.08,5
2025-05-06,CHW,KCR,Sean Burke,3.58,2
2025-05-11,CHW,MIA,Sean Burke,2.97,2
2025-05-17,CHW,CHC,Sean Burke,3.34,4
2025-05-23,CHW,TEX,Sean Burke,4.57,6
2025-05-30,CHW,BAL,Sean Burke,5.56,6
2025-06-05,CHW,DET,Sean Burke,6.23,5
2025-04-06,BOS,STL,Sean Newcomb,4.57,5
2025-04-11,BOS,CHW,Sean Newcomb,4.92,6
2025-04-16,BOS,TBR,Sean Newcomb,4.71,4
2025-04-23,BOS,SEA,Sean Newcomb,6.08,8
2025-05-06,BOS,TEX,Sean Newcomb,4.64,3
2025-05-12,BOS,DET,Sean Newcomb,2.15,4
2025-05-18,BOS,ATL,Sean Newcomb,2.71,4
2025-04-04,KCR,BAL,Seth Lugo,3.05,2
2025-04-09,KCR,MIN,Seth Lugo,3.92,6
2025-04-14,KCR,NYY,Seth Lugo,3.86,4
2025-04-19,KCR,DET,Seth Lugo,5.07,5
2025-04-25,KCR,HOU,Seth Lugo,6.4,8
2025-05-01,KCR,TBR,Seth Lugo,5.43,5
2025-05-06,KCR,CHW,Seth Lugo,3.76,3
2025-05-11,KCR,BOS,Seth Lugo,4.98,5
2025-06-06,KCR,CHW,Seth Lugo,4.36,5
2025-04-08,TBR,LAA,Shane Baz,8.33,6
2025-04-14,TBR,BOS,Shane Baz,9.7,11
2025-04-25,TBR,SDP,Shane Baz,6.12,6
2025-05-01,TBR,KCR,Shane Baz,3.47,1
2025-05-13,TBR,TOR,Shane Baz,3.09,6
2025-05-18,TBR,MIA,Shane Baz,3.57,2
2025-05-24,TBR,TOR,Shane Baz,3.81,4
2025-05-29,TBR,HOU,Shane Baz,3.14,3
2025-06-04,TBR,TEX,Shane Baz,3.89,5
2025-04-08,CHW,CLE,Shane Smith,4.5,6
2025-04-13,CHW,BOS,Shane Smith,3.97,3
2025-04-19,CHW,BOS,Shane Smith,3.74,3
2025-04-24,CHW,MIN,Shane Smith,4.34,7
2025-04-30,CHW,MIL,Shane Smith,4.9,4
2025-05-05,CHW,KCR,Shane Smith,5.2,5
2025-05-10,CHW,MIA,Shane Smith,5.54,7
2025-05-16,CHW,CHC,Shane Smith,5.75,5
2025-05-21,CHW,SEA,Shane Smith,6.18,6
2025-05-28,CHW,NYM,Shane Smith,4.95,5
2025-06-03,CHW,DET,Shane Smith,6.11,6
2025-03-29,CHC,ARI,Shota Imanaga,3.06,4
2025-04-04,CHC,SDP,Shota Imanaga,3.67,4
2025-04-09,CHC,TEX,Shota Imanaga,4.02,4
2025-04-15,CHC,SDP,Shota Imanaga,5.02,7
2025-04-22,CHC,LAD,Shota Imanaga,6.02,6
2025-04-29,CHC,PIT,Shota Imanaga,5.27,3
2025-05-04,CHC,MIL,Shota Imanaga,4.43,4
2025-04-07,MIN,KCR,Simeon Woods Richardson,5.19,6
2025-04-13,MIN,DET,Simeon Woods Richardson,5.47,5
2025-04-19,MIN,ATL,Simeon Woods Richardson,4.74,3
2025-04-26,MIN,LAA,Simeon Woods Richardson,5.15,7
2025-05-01,MIN,CLE,Simeon Woods Richardson,4.66,4
2025-05-07,MIN,BAL,Simeon Woods Richardson,3.79,1
2025-05-14,MIN,BAL,Simeon Woods Richardson,2.6,4
2025-05-23,CLE,DET,Slade Cecconi,7.48,6
2025-05-31,CLE,LAA,Slade Cecconi,5.96,3
2025-06-05,CLE,NYY,Slade Cecconi,3.61,3
2025-04-02,STL,LAA,Sonny Gray,7.67,9
2025-04-08,STL,PIT,Sonny Gray,5.99,4
2025-04-14,STL,HOU,Sonny Gray,5.97,4
2025-04-20,STL,NYM,Sonny Gray,4.84,6
2025-04-26,STL,MIL,Sonny Gray,5.27,4
2025-05-02,STL,NYM,Sonny Gray,5.58,6
2025-05-07,STL,PIT,Sonny Gray,6.18,8
2025-05-14,STL,PHI,Sonny Gray,5.84,4
2025-05-19,STL,DET,Sonny Gray,7.64,10
2025-05-25,STL,ARI,Sonny Gray,6.26,5
2025-05-31,STL,TEX,Sonny Gray,9.04,10
2025-06-06,STL,LAD,Sonny Gray,6.42,5
2025-04-05,HOU,MIN,Spencer Arrighetti,3.53,3
2025-04-04,ATL,MIA,Spencer Schwellenbach,7.21,10
2025-04-10,ATL,PHI,Spencer Schwellenbach,5.32,5
2025-04-15,ATL,TOR,Spencer Schwellenbach,6.03,3
2025-04-21,ATL,STL,Spencer Schwellenbach,4.14,5
2025-04-27,ATL,ARI,Spencer Schwellenbach,5.0,6
2025-05-03,ATL,LAD,Spencer Schwellenbach,4.77,4
2025-05-08,ATL,CIN,Spencer Schwellenbach,5.54,6
2025-05-13,ATL,WSN,Spencer Schwellenbach,4.85,3
2025-05-18,ATL,BOS,Spencer Schwellenbach,3.78,3
2025-05-25,ATL,SDP,Spencer Schwellenbach,8.48,11
2025-05-31,ATL,BOS,Spencer Schwellenbach,8.28,11
2025-06-06,ATL,SFG,Spencer Schwellenbach,9.01,4
2025-05-20,ATL,WSN,Spencer Strider,3.56,3
2025-05-27,ATL,PHI,Spencer Strider,4.84,7
2025-06-03,ATL,ARI,Spencer Strider,4.87,4
2025-05-10,SDP,COL,Stephen Kolek,4.01,7
2025-05-16,SDP,SEA,Stephen Kolek,5.45,4
2025-05-22,SDP,TOR,Stephen Kolek,6.1,6
2025-05-27,SDP,MIA,Stephen Kolek,4.3,3
2025-06-02,SDP,SFG,Stephen Kolek,3.85,3
2025-06-07,SDP,MIL,Stephen Kolek,2.48,2
2025-04-16,STL,HOU,Steven Matz,2.28,5
2025-04-30,STL,CIN,Steven Matz,2.89,6
2025-04-09,PHI,ATL,Taijuan Walker,4.43,5
2025-04-14,PHI,SFG,Taijuan Walker,4.99,5
2025-04-19,PHI,MIA,Taijuan Walker,3.77,2
2025-05-01,PHI,WSN,Taijuan Walker,2.63,2
2025-05-21,PHI,COL,Taijuan Walker,3.51,2
2025-05-30,PHI,MIL,Taijuan Walker,3.4,6
2025-04-05,TBR,TEX,Taj Bradley,7.42,7
2025-04-11,TBR,ATL,Taj Bradley,7.63,7
2025-04-17,TBR,NYY,Taj Bradley,5.24,3
2025-04-23,TBR,ARI,Taj Bradley,4.39,3
2025-04-29,TBR,KCR,Taj Bradley,1.99,2
2025-05-04,TBR,NYY,Taj Bradley,1.94,1
2025-05-10,TBR,MIL,Taj Bradley,3.11,5
2025-05-16,TBR,MIA,Taj Bradley,3.58,6
2025-05-21,TBR,HOU,Taj Bradley,6.12,7
2025-05-27,TBR,MIN,Taj Bradley,6.3,6
2025-06-01,TBR,HOU,Taj Bradley,8.33,10
2025-06-07,TBR,MIA,Taj Bradley,6.2,2
2025-04-05,CLE,LAA,Tanner Bibee,2.8,4
2025-04-11,CLE,KCR,Tanner Bibee,3.33,4
2025-04-17,CLE,BAL,Tanner Bibee,5.0,5
2025-04-22,CLE,NYY,Tanner Bibee,5.27,5
2025-04-29,CLE,MIN,Tanner Bibee,5.35,5
2025-05-04,CLE,TOR,Tanner Bibee,4.64,3
2025-05-10,CLE,PHI,Tanner Bibee,3.82,3
2025-05-16,CLE,CIN,Tanner Bibee,3.62,4
2025-05-22,CLE,DET,Tanner Bibee,4.61,8
2025-05-27,CLE,LAD,Tanner Bibee,6.31,7
2025-06-03,CLE,NYY,Tanner Bibee,7.49,6
2025-05-23,COL,NYY,Tanner Gordon,4.18,5
2025-05-28,COL,CHC,Tanner Gordon,3.53,1
2025-04-03,BOS,BAL,Tanner Houck,3.49,6
2025-04-09,BOS,TOR,Tanner Houck,3.51,2
2025-04-20,BOS,CHW,Tanner Houck,3.51,7
2025-04-26,BOS,CLE,Tanner Houck,4.32,6
2025-05-01,BOS,TOR,Tanner Houck,6.12,6
2025-05-07,BOS,TEX,Tanner Houck,5.15,2
2025-04-02,DET,SEA,Tarik Skubal,4.92,8
2025-04-08,DET,NYY,Tarik Skubal,5.52,6
2025-04-14,DET,MIL,Tarik Skubal,8.0,9
2025-04-20,DET,KCR,Tarik Skubal,6.28,4
2025-04-27,DET,BAL,Tarik Skubal,8.44,11
2025-05-02,DET,LAA,Tarik Skubal,7.79,8
2025-05-09,DET,TEX,Tarik Skubal,10.73,12
2025-05-14,DET,BOS,Tarik Skubal,10.35,11
2025-05-20,DET,STL,Tarik Skubal,9.34,8
2025-05-25,DET,CLE,Tarik Skubal,10.04,13
2025-05-31,DET,KCR,Tarik Skubal,8.49,7
2025-06-06,DET,CHC,Tarik Skubal,7.99,6
2025-05-05,MIL,HOU,Tobias Myers,2.06,2
2025-05-10,MIL,TBR,Tobias Myers,1.93,3
2025-05-17,MIL,MIN,Tobias Myers,2.99,4
2025-04-07,PIT,STL,Tom Harrington,3.34,5
2025-06-05,ARI,ATL,Tommy Henry,3.62,7
2025-04-05,BAL,KCR,Tomoyuki Sugano,2.14,4
2025-04-12,BAL,TOR,Tomoyuki Sugano,1.7,0
2025-04-17,BAL,CLE,Tomoyuki Sugano,2.41,3
2025-04-23,BAL,WSN,Tomoyuki Sugano,1.55,1
2025-04-28,BAL,NYY,Tomoyuki Sugano,4.09,8
2025-05-03,BAL,KCR,Tomoyuki Sugano,4.87,4
2025-05-09,BAL,LAA,Tomoyuki Sugano,5.79,5
2025-05-15,BAL,MIN,Tomoyuki Sugano,3.76,3
2025-05-21,BAL,MIL,Tomoyuki Sugano,3.58,3
2025-05-27,BAL,STL,Tomoyuki Sugano,3.27,3
2025-06-03,BAL,SEA,Tomoyuki Sugano,3.86,5
2025-05-06,LAD,MIA,Tony Gonsolin,7.9,8
2025-05-11,LAD,ARI,Tony Gonsolin,7.48,4
2025-05-18,LAD,LAA,Tony Gonsolin,5.19,3
2025-05-24,LAD,NYM,Tony Gonsolin,3.69,4
2025-05-30,LAD,NYY,Tony Gonsolin,4.12,4
2025-06-04,LAD,NYM,Tony Gonsolin,5.42,6
2025-04-06,WSN,ARI,Trevor Williams,4.66,6
2025-04-12,WSN,MIA,Trevor Williams,3.56,2
2025-04-17,WSN,PIT,Trevor Williams,4.36,5
2025-04-23,WSN,BAL,Trevor Williams,3.82,5
2025-04-28,WSN,NYM,Trevor Williams,5.1,5
2025-05-03,WSN,CIN,Trevor Williams,4.85,4
2025-05-10,WSN,STL,Trevor Williams,4.86,4
2025-05-15,WSN,ATL,Trevor Williams,3.77,4
2025-05-22,WSN,ATL,Trevor Williams,3.57,3
2025-05-28,WSN,SEA,Trevor Williams,2.84,2
2025-06-03,WSN,CHC,Trevor Williams,2.99,4
2025-04-04,MIL,CIN,Tyler Alexander,2.97,6
2025-04-09,MIL,COL,Tyler Alexander,3.51,3
2025-04-14,MIL,DET,Tyler Alexander,3.46,2
2025-04-06,LAA,CLE,Tyler Anderson,4.79,5
2025-04-12,LAA,HOU,Tyler Anderson,4.89,6
2025-04-18,LAA,SFG,Tyler Anderson,5.92,6
2025-04-24,LAA,PIT,Tyler Anderson,4.76,1
2025-04-30,LAA,SEA,Tyler Anderson,3.87,5
2025-05-06,LAA,TOR,Tyler Anderson,4.99,7
2025-05-11,LAA,BAL,Tyler Anderson,6.09,5
2025-05-17,LAA,LAD,Tyler Anderson,5.35,4
2025-05-22,LAA,ATH,Tyler Anderson,2.71,0
2025-05-27,LAA,NYY,Tyler Anderson,2.46,3
2025-06-02,LAA,BOS,Tyler Anderson,3.43,5
2025-04-13,LAD,CHC,Tyler Glasnow,6.33,7
2025-04-20,LAD,TEX,Tyler Glasnow,4.92,6
2025-04-04,TEX,TBR,Tyler Mahle,4.28,5
2025-04-09,TEX,CHC,Tyler Mahle,3.57,4
2025-04-15,TEX,LAA,Tyler Mahle,6.12,9
2025-04-20,TEX,LAD,Tyler Mahle,4.85,4
2025-04-26,TEX,SFG,Tyler Mahle,4.87,1
2025-05-01,TEX,ATH,Tyler Mahle,3.92,6
2025-05-07,TEX,BOS,Tyler Mahle,2.13,0
2025-05-12,TEX,COL,Tyler Mahle,3.82,5
2025-05-17,TEX,HOU,Tyler Mahle,2.94,3
2025-05-23,TEX,CHW,Tyler Mahle,3.66,3
2025-05-28,TEX,TOR,Tyler Mahle,3.74,5
2025-06-03,TEX,TBR,Tyler Mahle,4.26,5
2025-04-04,NYM,TOR,Tylor Megill,5.14,4
2025-04-09,NYM,MIA,Tylor Megill,5.92,7
2025-04-15,NYM,MIN,Tylor Megill,4.76,3
2025-04-21,NYM,PHI,Tylor Megill,6.5,10
2025-04-27,NYM,WSN,Tylor Megill,7.47,9
2025-05-04,NYM,STL,Tylor Megill,7.65,6
2025-05-10,NYM,CHC,Tylor Megill,7.62,7
2025-05-21,NYM,BOS,Tylor Megill,7.35,10
2025-05-27,NYM,CHW,Tylor Megill,6.45,6
2025-06-03,NYM,LAD,Tylor Megill,7.72,7
2025-04-07,MIA,NYM,Valente Bellozo,2.87,2
2025-05-02,MIA,ATH,Valente Bellozo,2.13,1
2025-05-07,MIA,LAD,Valente Bellozo,3.26,7
2025-05-13,MIA,CHC,Valente Bellozo,3.21,2
2025-04-04,BOS,STL,Walker Buehler,3.35,4
2025-04-10,BOS,TOR,Walker Buehler,4.99,7
2025-04-15,BOS,TBR,Walker Buehler,4.82,3
2025-04-21,BOS,CHW,Walker Buehler,6.29,9
2025-04-26,BOS,CLE,Walker Buehler,4.99,3
2025-05-25,BOS,BAL,Walker Buehler,3.39,3
2025-05-31,BOS,ATL,Walker Buehler,4.35,6
2025-04-06,NYY,PIT,Will Warren,4.33,5
2025-04-12,NYY,SFG,Will Warren,5.07,6
2025-04-22,NYY,CLE,Will Warren,3.57,5
2025-05-04,NYY,TBR,Will Warren,6.47,8
2025-05-09,NYY,ATH,Will Warren,6.36,7
2025-05-14,NYY,SEA,Will Warren,8.38,9
2025-05-20,NYY,TEX,Will Warren,9.01,10
2025-05-25,NYY,COL,Will Warren,7.7,7
2025-06-06,NYY,BOS,Will Warren,5.27,6
2025-03-28,LAD,DET,Yoshinobu Yamamoto,7.48,10
2025-04-04,LAD,PHI,Yoshinobu Yamamoto,5.99,5
2025-04-11,LAD,CHC,Yoshinobu Yamamoto,8.34,9
2025-04-18,LAD,TEX,Yoshinobu Yamamoto,8.46,10
2025-04-25,LAD,PIT,Yoshinobu Yamamoto,8.27,5
2025-05-02,LAD,ATL,Yoshinobu Yamamoto,7.4,6
2025-05-08,LAD,ARI,Yoshinobu Yamamoto,4.88,4
2025-05-14,LAD,ATH,Yoshinobu Yamamoto,5.53,6
2025-05-20,LAD,ARI,Yoshinobu Yamamoto,6.25,9
2025-05-26,LAD,CLE,Yoshinobu Yamamoto,7.65,7
2025-06-01,LAD,NYY,Yoshinobu Yamamoto,6.08,2
2025-06-07,LAD,STL,Yoshinobu Yamamoto,5.81,9
2025-04-02,LAA,STL,Yusei Kikuchi,5.33,6
2025-04-09,LAA,TBR,Yusei Kikuchi,5.0,5
2025-04-15,LAA,TEX,Yusei Kikuchi,5.3,6
2025-04-20,LAA,SFG,Yusei Kikuchi,6.3,6
2025-05-01,LAA,DET,Yusei Kikuchi,3.9,5
2025-05-07,LAA,TOR,Yusei Kikuchi,3.57,6
2025-05-12,LAA,SDP,Yusei Kikuchi,5.04,4
2025-05-18,LAA,LAD,Yusei Kikuchi,5.84,7
2025-05-23,LAA,MIA,Yusei Kikuchi,4.84,4
2025-05-28,LAA,NYY,Yusei Kikuchi,4.73,4
2025-06-03,LAA,BOS,Yusei Kikuchi,4.69,5
2025-04-02,ARI,NYY,Zac Gallen,7.76,13
2025-04-07,ARI,BAL,Zac Gallen,6.08,2
2025-04-13,ARI,MIL,Zac Gallen,6.43,5
2025-04-19,ARI,CHC,Zac Gallen,4.39,5
2025-04-25,ARI,ATL,Zac Gallen,5.57,6
2025-05-01,ARI,NYM,Zac Gallen,6.05,8
2025-05-06,ARI,NYM,Zac Gallen,6.18,6
2025-05-11,ARI,LAD,Zac Gallen,6.1,5
2025-05-17,ARI,COL,Zac Gallen,4.97,5
2025-05-23,ARI,STL,Zac Gallen,4.47,4
2025-05-28,ARI,PIT,Zac Gallen,4.09,3
2025-06-03,ARI,ATL,Zac Gallen,3.54,4
2025-04-02,BAL,BOS,Zach Eflin,3.57,5
2025-04-07,BAL,ARI,Zach Eflin,2.76,1
2025-05-11,BAL,LAA,Zach Eflin,3.64,5
2025-05-18,BAL,WSN,Zach Eflin,3.59,4
2025-05-24,BAL,BOS,Zach Eflin,3.27,1
2025-05-30,BAL,CHW,Zach Eflin,3.91,6
2025-06-05,BAL,SEA,Zach Eflin,4.92,7
2025-04-04,TBR,TEX,Zack Littell,4.44,3
2025-04-10,TBR,LAA,Zack Littell,5.03,4
2025-04-16,TBR,BOS,Zack Littell,4.06,5
2025-04-22,TBR,ARI,Zack Littell,3.67,2
2025-04-27,TBR,SDP,Zack Littell,2.76,1
2025-05-03,TBR,NYY,Zack Littell,2.02,3
2025-05-09,TBR,MIL,Zack Littell,3.16,5
2025-05-15,TBR,TOR,Zack Littell,2.95,2
2025-05-20,TBR,HOU,Zack Littell,4.95,6
2025-05-26,TBR,MIN,Zack Littell,4.18,4
2025-05-31,TBR,HOU,Zack Littell,5.15,6
2025-06-06,TBR,MIA,Zack Littell,5.33,4
2025-04-02,PHI,COL,Zack Wheeler,9.0,10
2025-04-08,PHI,ATL,Zack Wheeler,8.61,7
2025-04-13,PHI,STL,Zack Wheeler,6.29,3
2025-04-18,PHI,MIA,Zack Wheeler,7.78,13
2025-04-23,PHI,NYM,Zack Wheeler,8.79,9
2025-04-29,PHI,WSN,Zack Wheeler,8.71,7
2025-05-06,PHI,TBR,Zack Wheeler,8.52,9
2025-05-11,PHI,CLE,Zack Wheeler,8.34,8
2025-05-17,PHI,PIT,Zack Wheeler,8.02,6
2025-05-23,PHI,ATH,Zack Wheeler,7.36,8
2025-05-29,PHI,ATL,Zack Wheeler,6.38,6
2025-05-24,MIN,KCR,Zebby Matthews,7.87,9
2025-05-30,MIN,SEA,Zebby Matthews,7.48,7
2025-06-04,MIN,ATH,Zebby Matthews,6.12,4
